slug,name,file,file_expanded,os_raw,os_canonical,type,description
access_remote_pc,Access Remote PC,C:\Program Files (x86)\RemotePC\RemotePCUIU.exe,C:\Program Files (x86)\RemotePC\RemotePCUIU.exe,Windows,Windows,,RemotePC service binary
access_remote_pc,Access Remote PC,C:\Program Files (x86)\RemotePC\*,C:\Program Files (x86)\RemotePC\*,Windows,Windows,,Multiple files and binaries related to RemotePC installation
action1,Action1,C:\Windows\Action1\action1_agent.exe,C:\Windows\Action1\action1_agent.exe,Windows,Windows,,Action1 service binary
action1,Action1,C:\Windows\Action1\*,C:\Windows\Action1\*,Windows,Windows,,Multiple files and binaries related to Action1 installation
action1,Action1,C:\Windows\Action1\scripts\*,C:\Windows\Action1\scripts\*,Windows,Windows,,Multiple scripts related to Action1 installation
action1,Action1,C:\Windows\Action1\rule_data\*,C:\Windows\Action1\rule_data\*,Windows,Windows,,Files related to Action1 rules
action1,Action1,C:\Windows\Action1\action1_log_*.log,C:\Windows\Action1\action1_log_*.log,Windows,Windows,,"Contains history, errors, system notifications. Incoming and outgoing connections."
allocentra,Allocentra,*\allocentra\agent\allocentra-agent.exe,*\allocentra\agent\allocentra-agent.exe,Windows,Windows,,Windows agent install destination confirmed in the decompiled service-install routine.
allocentra,Allocentra,*\allocentra-update.bat,*\allocentra-update.bat,Windows,Windows,,"Update-script basename confirmed in decompiled Windows update code; generated under the process temporary directory, whose absolute path varies."
alpemix,Alpemix,%localappdata%\Alpemix\Alpemix.ini,C:\Users\*\AppData\Local\Alpemix\Alpemix.ini,Windows,Windows,,N/A
ammyyadmin,Ammyy Admin,%programdata%\\AMMYY\\access.log,C:\ProgramData\\AMMYY\\access.log,Windows,Windows,,"Ammyy Admin access log file. Contains information about the remote IP address, the time of connection, bytes recv/send, and the ID of the remote machine."
ammyyadmin,Ammyy Admin,%Binary_path%\\AA_v3.log,%Binary_path%\\AA_v3.log,Windows,Windows,,Ammyy Admin log file. Contains application related logs.
anydesk,AnyDesk,%programdata%\AnyDesk\ad_svc.trace,C:\ProgramData\AnyDesk\ad_svc.trace,Windows,Windows,,"AnyDesk service log file. As well as ad.trace, we can determine the IP address of the other participant and its AnyDesk ID when a connection is established."
anydesk,AnyDesk,%programdata%\AnyDesk\connection_trace.txt,C:\ProgramData\AnyDesk\connection_trace.txt,Windows,Windows,,"Incoming connection logs, contains IP Address of the remote machine and file transfer activity. Only generated on target side. The content indicates how the connection was approved (e.g. the local user authorized it, or a password was used)"
anydesk,AnyDesk,%APPDATA%\AnyDesk\connection_trace.txt,C:\Users\*\AppData\Roaming\AnyDesk\connection_trace.txt,Windows,Windows,,"Incoming connection logs, contains IP Address of the remote machine and file transfer activity. Only generated on target side. The content indicates how the connection was approved (e.g. the local user authorized it, or a password was used)"
anydesk,AnyDesk,%APPDATA%\AnyDesk\ad.trace,C:\Users\*\AppData\Roaming\AnyDesk\ad.trace,Windows,Windows,,"AnyDesk user interface log file. In this log file, we can determine the IP address of the other participant and its AnyDesk ID. It is also possible to track events of file transfer. Below is the Client ID and external IP address of the remote participant."
anydesk,AnyDesk,%APPDATA%\AnyDesk\chat\*.txt,C:\Users\*\AppData\Roaming\AnyDesk\chat\*.txt,Windows,Windows,,"If the chat functionality is used, its entries will be printed in a text file in this folder."
anydesk,AnyDesk,%APPDATA%\AnyDesk\user.conf,C:\Users\*\AppData\Roaming\AnyDesk\user.conf,Windows,Windows,,N/A
anydesk,AnyDesk,%PROGRAMDATA%\AnyDesk\service.conf,C:\ProgramData\AnyDesk\service.conf,Windows,Windows,,Password can be set to auto-validate the session. The password will be saved in a salted hash format.
anydesk,AnyDesk,%APPDATA%\AnyDesk\service.conf,C:\Users\*\AppData\Roaming\AnyDesk\service.conf,Windows,Windows,,N/A
anydesk,AnyDesk,%APPDATA%\AnyDesk\system.conf,C:\Users\*\AppData\Roaming\AnyDesk\system.conf,Windows,Windows,,N/A
anydesk,AnyDesk,%PROGRAMDATA%\AnyDesk\system.conf,C:\ProgramData\AnyDesk\system.conf,Windows,Windows,,N/A
anydesk,AnyDesk,%PROGRAMDATA%\Microsoft\Windows\Start Menu\Programs\StartUp\AnyDesk.lnk,C:\ProgramData\Microsoft\Windows\Start Menu\Programs\StartUp\AnyDesk.lnk,Windows,Windows,,N/A
anydesk,AnyDesk,%PROGRAMDATA%\Microsoft\Windows\Start Menu\Programs\AnyDesk\Uninstall AnyDesk.lnk,C:\ProgramData\Microsoft\Windows\Start Menu\Programs\AnyDesk\Uninstall AnyDesk.lnk,Windows,Windows,,N/A
anydesk,AnyDesk,C:\Users\*\Videos\AnyDesk\*.anydesk,C:\Users\*\Videos\AnyDesk\*.anydesk,Windows,Windows,,N/A
anydesk,AnyDesk,C:\Windows\SysWOW64\config\systemprofile\AppData\Roaming\AnyDesk\*,C:\Windows\SysWOW64\config\systemprofile\AppData\Roaming\AnyDesk\*,Windows,Windows,,N/A
anydesk,AnyDesk,~/Library/Application Support/AnyDesk/Logs/,~/Library/Application Support/AnyDesk/Logs/,Mac,MacOS,,N/A
anydesk,AnyDesk,~/.config/AnyDesk/Logs/,~/.config/AnyDesk/Logs/,Linux,Linux,,N/A
aspia,Aspia,C:\Users\*\AppData\Roaming\aspia\client.ini,C:\Users\*\AppData\Roaming\aspia\client.ini,Windows,Windows,,N/A
aspia,Aspia,C:\Users\*\AppData\Local\Temp\aspia\aspia_client-*.log,C:\Users\*\AppData\Local\Temp\aspia\aspia_client-*.log,Windows,Windows,,N/A
aspia,Aspia,C:\Program Files\Aspia\Client\qt.conf,C:\Program Files\Aspia\Client\qt.conf,Windows,Windows,,N/A
atera,Atera,C:\Program Files\ATERA Networks\AteraAgent\Packages\AgentPackageRunCommandInteractive\log.txt,C:\Program Files\ATERA Networks\AteraAgent\Packages\AgentPackageRunCommandInteractive\log.txt,Windows,Windows,,N/A
atera,Atera,C:\Program Files\ATERA Networks\AteraAgent\Packages\*,C:\Program Files\ATERA Networks\AteraAgent\Packages\*,Windows,Windows,,N/A
atera,Atera,C:\Program Files\ATERA Networks\AteraAgent\AteraAgent.exe,C:\Program Files\ATERA Networks\AteraAgent\AteraAgent.exe,Windows,Windows,,Atera service binary
atera,Atera,C:\Program Files\Atera Networks\AlphaAgent.exe,C:\Program Files\Atera Networks\AlphaAgent.exe,Windows,Windows,,Atera service binary
atera,Atera,C:\Program Files\ATERA Networks\AteraAgent\Packages\AgentPackageSTRemote\AgentPackageSTRemote.exe,C:\Program Files\ATERA Networks\AteraAgent\Packages\AgentPackageSTRemote\AgentPackageSTRemote.exe,Windows,Windows,,N/A
atera,Atera,C:\Program Files\ATERA Networks\AteraAgent\Packages\AgentPackageMonitoring\AgentPackageMonitoring.exe,C:\Program Files\ATERA Networks\AteraAgent\Packages\AgentPackageMonitoring\AgentPackageMonitoring.exe,Windows,Windows,,N/A
atera,Atera,C:\Program Files\ATERA Networks\AteraAgent\Packages\AgentPackageHeartbeat\AgentPackageHeartbeat.exe,C:\Program Files\ATERA Networks\AteraAgent\Packages\AgentPackageHeartbeat\AgentPackageHeartbeat.exe,Windows,Windows,,N/A
atera,Atera,C:\Program Files\ATERA Networks\AteraAgent\Packages\AgentPackageFileExplorer\AgentPackageFileExplorer.exe,C:\Program Files\ATERA Networks\AteraAgent\Packages\AgentPackageFileExplorer\AgentPackageFileExplorer.exe,Windows,Windows,,N/A
atera,Atera,C:\Program Files\ATERA Networks\AteraAgent\Packages\AgentPackageRunCommandInteractive\AgentPackageRunCommandInteractive.exe,C:\Program Files\ATERA Networks\AteraAgent\Packages\AgentPackageRunCommandInteractive\AgentPackageRunCommandInteractive.exe,Windows,Windows,,N/A
baramundi,baramundi Management Suite,C:\Program Files\bsag\bma\bma.exe,C:\Program Files\bsag\bma\bma.exe,Windows,Windows,,baramundi Management Agent executable. Main service binary for the baramundi Management Suite agent that runs as a Windows service (BARAAGNT). Depends on RpcSs service.
bluetrait,Bluetrait,C:\Program Files (x86)\Bluetrait Agent\Bluetrait MSP Agent.exe,C:\Program Files (x86)\Bluetrait Agent\Bluetrait MSP Agent.exe,Windows,Windows,,Main Bluetrait agent executable file
bluetrait,Bluetrait,C:\Program Files (x86)\Bluetrait Agent\BluetraitUserAgent.exe,C:\Program Files (x86)\Bluetrait Agent\BluetraitUserAgent.exe,Windows,Windows,,Bluetrait User Agent executable file
bluetrait,Bluetrait,C:\Program Files (x86)\Bluetrait Agent\config.db,C:\Program Files (x86)\Bluetrait Agent\config.db,Windows,Windows,,Bluetrait configuration database file
bluetrait,Bluetrait,C:\Program Files (x86)\Bluetrait Agent\config.json,C:\Program Files (x86)\Bluetrait Agent\config.json,Windows,Windows,,Bluetrait JSON configuration file
bluetrait,Bluetrait,C:\Program Files (x86)\Bluetrait Agent\libraries\paexec.exe,C:\Program Files (x86)\Bluetrait Agent\libraries\paexec.exe,Windows,Windows,,PAExec utility used by Bluetrait for remote execution
breezermm,BreezeRMM,PixoIT-agent.exe,PixoIT-agent.exe,Windows,Windows,,"Original filename of the unsigned PixoIT-branded Breeze RMM build, verified in PE resources; not an asserted standard installation path."
breezermm,BreezeRMM,C:\Program Files\Breeze\breeze-agent.exe,C:\Program Files\Breeze\breeze-agent.exe,Windows,Windows,,Breeze RMM agent executable reported in issue 235.
breezermm,BreezeRMM,C:\Program Files\Breeze\breeze-watchdog.exe,C:\Program Files\Breeze\breeze-watchdog.exe,Windows,Windows,,Breeze agent watchdog executable reported in issue 235.
breezermm,BreezeRMM,C:\Program Files\Breeze\breeze-user-helper.exe,C:\Program Files\Breeze\breeze-user-helper.exe,Windows,Windows,,Breeze user-context helper executable reported in issue 235.
breezermm,BreezeRMM,C:\Program Files\Breeze\breeze-backup.exe,C:\Program Files\Breeze\breeze-backup.exe,Windows,Windows,,Breeze agent backup executable reported in issue 235.
breezermm,BreezeRMM,C:\Program Files\Breeze\scripts\install\install-windows.ps1,C:\Program Files\Breeze\scripts\install\install-windows.ps1,Windows,Windows,,Breeze Windows install script reported in issue 235.
breezermm,BreezeRMM,C:\ProgramData\Breeze\agent.env,C:\ProgramData\Breeze\agent.env,Windows,Windows,,Breeze agent environment configuration reported in issue 235.
breezermm,BreezeRMM,C:\ProgramData\Breeze\secrets.yaml,C:\ProgramData\Breeze\secrets.yaml,Windows,Windows,,Breeze agent secrets file reported in issue 235.
breezermm,BreezeRMM,C:\ProgramData\Breeze\logs\agent.log,C:\ProgramData\Breeze\logs\agent.log,Windows,Windows,,Breeze agent log file reported in issue 235.
breezermm,BreezeRMM,/usr/local/bin/breeze-agent,/usr/local/bin/breeze-agent,Linux/macOS,Linux,,Breeze agent binary installed by the official Linux installer and present in the official v0.115.0 macOS package payload.
breezermm,BreezeRMM,/usr/local/bin/breeze-watchdog,/usr/local/bin/breeze-watchdog,Linux/macOS,Linux,,"Breeze watchdog binary installed by the official Linux installer when the matching helper binary is supplied, and present in the official v0.115.0 macOS package payload."
breezermm,BreezeRMM,/usr/local/bin/breeze-backup,/usr/local/bin/breeze-backup,Linux/macOS,Linux,,"Breeze backup helper installed by the official Linux installer when the matching helper binary is supplied, and present in the official v0.115.0 macOS package payload."
breezermm,BreezeRMM,/usr/local/bin/breeze-desktop-helper,/usr/local/bin/breeze-desktop-helper,macOS,MacOS,,Desktop helper present in the official v0.115.0 macOS package payload and referenced by its user-session and LoginWindow LaunchAgents.
breezermm,BreezeRMM,/etc/breeze/agent.yaml,/etc/breeze/agent.yaml,Linux,Linux,,Default Breeze agent configuration path checked by the official Linux installer and referenced by the released Linux agent.
breezermm,BreezeRMM,/var/lib/breeze/*,/var/lib/breeze/*,Linux,Linux,,Breeze agent data directory created by the official Linux installer.
breezermm,BreezeRMM,/var/log/breeze/*,/var/log/breeze/*,Linux,Linux,,Breeze log directory created by the official Linux installer; the released Linux agent references /var/log/breeze/agent.log.
breezermm,BreezeRMM,/var/run/breeze/agent.sock,/var/run/breeze/agent.sock,Linux,Linux,,Breeze agent IPC socket path; the official Linux installer creates /var/run/breeze and the released Linux agent references agent.sock there.
breezermm,BreezeRMM,/etc/systemd/system/breeze-agent.service,/etc/systemd/system/breeze-agent.service,Linux,Linux,,Official Breeze Linux systemd unit. It runs /usr/local/bin/breeze-agent start with /etc/breeze as its working directory and enables boot persistence.
breezermm,BreezeRMM,/usr/lib/systemd/user/breeze-agent-user.service,/usr/lib/systemd/user/breeze-agent-user.service,Linux,Linux,,Official per-user Breeze helper systemd unit installed when supplied with the Linux installer source.
breezermm,BreezeRMM,/etc/xdg/autostart/breeze-agent-user.desktop,/etc/xdg/autostart/breeze-agent-user.desktop,Linux,Linux,,Official Breeze user-helper XDG autostart fallback installed by the Linux installer.
breezermm,BreezeRMM,/usr/lib/tmpfiles.d/breeze-agent.conf,/usr/lib/tmpfiles.d/breeze-agent.conf,Linux,Linux,,Official tmpfiles rule that creates /run/breeze at boot for Breeze agent IPC.
breezermm,BreezeRMM,/Library/Application Support/Breeze/*,/Library/Application Support/Breeze/*,macOS,MacOS,,Breeze macOS configuration and IPC directory created by the v0.115.0 package postinstall script.
breezermm,BreezeRMM,/Library/Logs/Breeze/agent.log,/Library/Logs/Breeze/agent.log,macOS,MacOS,,Standard output log path for the Breeze agent LaunchDaemon in the official v0.115.0 macOS package.
breezermm,BreezeRMM,/Library/Logs/Breeze/agent.err,/Library/Logs/Breeze/agent.err,macOS,MacOS,,Standard error log path for the Breeze agent LaunchDaemon in the official v0.115.0 macOS package.
breezermm,BreezeRMM,/Library/Logs/Breeze/watchdog.log,/Library/Logs/Breeze/watchdog.log,macOS,MacOS,,Standard output log path for the Breeze watchdog LaunchDaemon in the official v0.115.0 macOS package.
breezermm,BreezeRMM,/Library/Logs/Breeze/watchdog.err,/Library/Logs/Breeze/watchdog.err,macOS,MacOS,,Standard error log path for the Breeze watchdog LaunchDaemon in the official v0.115.0 macOS package.
breezermm,BreezeRMM,/Library/LaunchDaemons/com.breeze.agent.plist,/Library/LaunchDaemons/com.breeze.agent.plist,macOS,MacOS,,"Official Breeze macOS LaunchDaemon, label com.breeze.agent, that runs /usr/local/bin/breeze-agent run with RunAtLoad and KeepAlive."
breezermm,BreezeRMM,/Library/LaunchDaemons/com.breeze.watchdog.plist,/Library/LaunchDaemons/com.breeze.watchdog.plist,macOS,MacOS,,"Official Breeze macOS watchdog LaunchDaemon, label com.breeze.watchdog, that runs /usr/local/bin/breeze-watchdog run with RunAtLoad and KeepAlive."
breezermm,BreezeRMM,/Library/LaunchAgents/com.breeze.desktop-helper-user.plist,/Library/LaunchAgents/com.breeze.desktop-helper-user.plist,macOS,MacOS,,"Official Breeze macOS Aqua-session LaunchAgent, label com.breeze.desktop-helper-user, that runs the desktop helper for user sessions."
breezermm,BreezeRMM,/Library/LaunchAgents/com.breeze.desktop-helper-loginwindow.plist,/Library/LaunchAgents/com.breeze.desktop-helper-loginwindow.plist,macOS,MacOS,,"Official Breeze macOS LoginWindow LaunchAgent, label com.breeze.desktop-helper-loginwindow, that runs the desktop helper before user login."
chrome_remote_desktop,Chrome Remote Desktop,C:\Program Files (x86)\Google\Chrome Remote Desktop\*\remoting_host.exe,C:\Program Files (x86)\Google\Chrome Remote Desktop\*\remoting_host.exe,Windows,Windows,,Versioned Windows host process.
chrome_remote_desktop,Chrome Remote Desktop,/Library/PrivilegedHelperTools/ChromeRemoteDesktopHost.app/Contents/MacOS/remoting_me2me_host,/Library/PrivilegedHelperTools/ChromeRemoteDesktopHost.app/Contents/MacOS/remoting_me2me_host,macOS,MacOS,,Primary macOS remote desktop host executable.
chrome_remote_desktop,Chrome Remote Desktop,/Library/PrivilegedHelperTools/ChromeRemoteDesktopHost.app/Contents/MacOS/remoting_me2me_host_service,/Library/PrivilegedHelperTools/ChromeRemoteDesktopHost.app/Contents/MacOS/remoting_me2me_host_service,macOS,MacOS,,macOS host service launched by launchd.
chrome_remote_desktop,Chrome Remote Desktop,/Library/LaunchAgents/org.chromium.chromoting.plist,/Library/LaunchAgents/org.chromium.chromoting.plist,macOS,MacOS,,macOS per-user launch agent for the Chrome Remote Desktop host.
chrome_remote_desktop,Chrome Remote Desktop,/Library/LaunchDaemons/org.chromium.chromoting.broker.plist,/Library/LaunchDaemons/org.chromium.chromoting.broker.plist,macOS,MacOS,,macOS launch daemon for the host broker.
chrome_remote_desktop,Chrome Remote Desktop,/Library/PrivilegedHelperTools/org.chromium.chromoting.json,/Library/PrivilegedHelperTools/org.chromium.chromoting.json,macOS,MacOS,,macOS Chrome Remote Desktop host configuration.
chrome_remote_desktop,Chrome Remote Desktop,/Library/PrivilegedHelperTools/org.chromium.chromoting.settings.json,/Library/PrivilegedHelperTools/org.chromium.chromoting.settings.json,macOS,MacOS,,macOS Chrome Remote Desktop host settings.
chrome_remote_desktop,Chrome Remote Desktop,/Applications/Chrome Remote Desktop Host Uninstaller.app,/Applications/Chrome Remote Desktop Host Uninstaller.app,macOS,MacOS,,macOS host uninstaller application.
chrome_remote_desktop,Chrome Remote Desktop,/opt/google/chrome-remote-desktop/chrome-remote-desktop-host,/opt/google/chrome-remote-desktop/chrome-remote-desktop-host,Linux,Linux,,Linux Chrome Remote Desktop host executable.
chrome_remote_desktop,Chrome Remote Desktop,/opt/google/chrome-remote-desktop/chrome-remote-desktop,/opt/google/chrome-remote-desktop/chrome-remote-desktop,Linux,Linux,,Linux host management script.
chrome_remote_desktop,Chrome Remote Desktop,/lib/systemd/system/chrome-remote-desktop.service,/lib/systemd/system/chrome-remote-desktop.service,Linux,Linux,,Linux systemd service unit.
controlio,Controlio,weClipboardListener.exe,weClipboardListener.exe,Windows,Windows,,Controlio binary
controlio,Controlio,bbl.exe,bbl.exe,Windows,Windows,,Controlio binary
controlio,Controlio,weprtct.exe,weprtct.exe,Windows,Windows,,Controlio binary
controlio,Controlio,wemonc.exe,wemonc.exe,Windows,Windows,,Controlio binary
controlio,Controlio,wesvc.exe,wesvc.exe,Windows,Windows,,Controlio binary
controlio,Controlio,libeay32.dll,libeay32.dll,Windows,Windows,,Controlio binary
controlio,Controlio,ssleay32.dll,ssleay32.dll,Windows,Windows,,Controlio binary
controlio,Controlio,wec_launcher_[a-Z0-9]*_.exe,wec_launcher_[a-Z0-9]*_.exe,Windows,Windows,,Controlio windows installer
controlio,Controlio,wec_launcher_[a-Z0-9]*_.pkg,wec_launcher_[a-Z0-9]*_.pkg,Mac,MacOS,,Controlio macos installer
controlio,Controlio,weInstSvc.exe,weInstSvc.exe,Windows,Windows,,Controlio binary
controlio,Controlio,C:\ProgramData\{E0E95C6C-F194-4846-928D-E5538022226D}\,C:\ProgramData\{E0E95C6C-F194-4846-928D-E5538022226D}\,Windows,Windows,,Controlio binary
controlr,ControlR,*\ControlR.Agent.Installer.exe,*\ControlR.Agent.Installer.exe,Windows,Windows,,ControlR agent installer dropped and executed by threat actors.
controlr,ControlR,C:\Program Files\ControlR\*\ControlR.Agent.exe,C:\Program Files\ControlR\*\ControlR.Agent.exe,Windows,Windows,,ControlR agent binary installed on Windows.
controlr,ControlR,C:\ProgramData\ControlR\*\appsettings.json,C:\ProgramData\ControlR\*\appsettings.json,Windows,Windows,,ControlR agent configuration file on Windows.
controlr,ControlR,C:\ProgramData\ControlR\*\Logs\ControlR.Agent\LogFile*.log,C:\ProgramData\ControlR\*\Logs\ControlR.Agent\LogFile*.log,Windows,Windows,,ControlR agent log files on Windows.
controlr,ControlR,C:\ProgramData\ControlR\*\Logs\ControlR.DesktopClient\LogFile*.log,C:\ProgramData\ControlR\*\Logs\ControlR.DesktopClient\LogFile*.log,Windows,Windows,,ControlR desktop client log files on Windows.
controlr,ControlR,/usr/local/bin/ControlR/*/ControlR.Agent,/usr/local/bin/ControlR/*/ControlR.Agent,Linux,Linux,,ControlR agent binary installed on Linux.
controlr,ControlR,/etc/controlr/*/appsettings.json,/etc/controlr/*/appsettings.json,Linux,Linux,,ControlR agent configuration file on Linux (root).
controlr,ControlR,/etc/systemd/system/controlr.agent*.service,/etc/systemd/system/controlr.agent*.service,Linux,Linux,,ControlR agent systemd service unit file on Linux.
controlr,ControlR,/var/log/controlr/*/ControlR.Agent/LogFile*.log,/var/log/controlr/*/ControlR.Agent/LogFile*.log,Linux,Linux,,ControlR agent log files on Linux (root).
controlr,ControlR,~/.controlr/*/logs/ControlR.Agent/LogFile*.log,~/.controlr/*/logs/ControlR.Agent/LogFile*.log,Linux,Linux,,ControlR agent log files on Linux (user context).
controlr,ControlR,/Library/Application Support/ControlR/*/ControlR.Agent,/Library/Application Support/ControlR/*/ControlR.Agent,MacOS,MacOS,,ControlR agent binary installed on macOS.
controlr,ControlR,/Applications/ControlR.app,/Applications/ControlR.app,MacOS,MacOS,,Default ControlR desktop client app bundle on macOS.
controlr,ControlR,/Applications/ControlR.*.app,/Applications/ControlR.*.app,MacOS,MacOS,,Instance-specific ControlR desktop client app bundle on macOS.
controlr,ControlR,/Library/LaunchDaemons/app.controlr.agent*.plist,/Library/LaunchDaemons/app.controlr.agent*.plist,MacOS,MacOS,,ControlR agent launchd plist files on macOS.
controlr,ControlR,/Library/LaunchAgents/app.controlr.desktop*.plist,/Library/LaunchAgents/app.controlr.desktop*.plist,MacOS,MacOS,,ControlR desktop client launchd plist files on macOS.
controlr,ControlR,/var/log/controlr/*/ControlR.Agent/LogFile*.log,/var/log/controlr/*/ControlR.Agent/LogFile*.log,MacOS,MacOS,,ControlR agent log files on macOS (root).
controlr,ControlR,~/.controlr/*/logs/ControlR.Agent/LogFile*.log,~/.controlr/*/logs/ControlR.Agent/LogFile*.log,MacOS,MacOS,,ControlR agent log files on macOS (user context).
dataplicity,Dataplicity,/opt/dataplicity/tuxtunnel/manager,/opt/dataplicity/tuxtunnel/manager,Linux,Linux,,Dataplicity manager binary (the persistent remote-control daemon)
dataplicity,Dataplicity,/opt/dataplicity/credentials,/opt/dataplicity/credentials,Linux,Linux,,Dataplicity agent credentials file (per-tenant install token + device identity)
dataplicity,Dataplicity,/etc/systemd/system/dataplicity.service,/etc/systemd/system/dataplicity.service,Linux,Linux,,systemd unit file for Dataplicity agent persistence
dataplicity,Dataplicity,/etc/init.d/dataplicity,/etc/init.d/dataplicity,Linux,Linux,,SysV init script for Dataplicity agent persistence (older or non-systemd Linux distributions)
devolutions_remote_desktop_manager,Devolutions Remote Desktop Manager,%localappdata%\Devolutions\RemoteDesktopManager\Connections.log,C:\Users\*\AppData\Local\Devolutions\RemoteDesktopManager\Connections.log,Windows,Windows,,"Log file showing connections, disconnections, actions on saved passwords and attachments, and other changes"
devolutions_remote_desktop_manager,Devolutions Remote Desktop Manager,%localappdata%\Devolutions\RemoteDesktopManager[GUID]\Mru.xml,C:\Users\*\AppData\Local\Devolutions\RemoteDesktopManager[GUID]\Mru.xml,Windows,Windows,,Most recently used Connections
devolutions_remote_desktop_manager,Devolutions Remote Desktop Manager,%localappdata%\Devolutions\RemoteDesktopManager\Connections.db,C:\Users\*\AppData\Local\Devolutions\RemoteDesktopManager\Connections.db,Windows,Windows,,Default connections database. There can be others. Holds information and configuration about the connections
faronics_core,Faronics Core,C:\Program Files\Faronics\Faronics Core\Workstation Agent\FaronicsCoreAgent.exe,C:\Program Files\Faronics\Faronics Core\Workstation Agent\FaronicsCoreAgent.exe,Windows,Windows,,Faronics Core Agent main executable
faronics_core,Faronics Core,C:\Program Files\Faronics\Faronics Core\Workstation Agent\CoreAgentService.exe,C:\Program Files\Faronics\Faronics Core\Workstation Agent\CoreAgentService.exe,Windows,Windows,,Faronics Core Agent service host
faronics_core,Faronics Core,C:\ProgramData\Faronics\FCAForStartupMonitor.msi,C:\ProgramData\Faronics\FCAForStartupMonitor.msi,Windows,Windows,,Faronics Core Agent startup-monitor MSI installer
faronics_deep_freeze,Faronics Deep Freeze,C:\Program Files (x86)\Faronics\Deep Freeze\DFServ.exe,C:\Program Files (x86)\Faronics\Deep Freeze\DFServ.exe,Windows,Windows,,Deep Freeze workstation service binary
faronics_deep_freeze,Faronics Deep Freeze,C:\Program Files (x86)\Faronics\Deep Freeze\DFServEx.exe,C:\Program Files (x86)\Faronics\Deep Freeze\DFServEx.exe,Windows,Windows,,Deep Freeze workstation service host
faronics_deep_freeze,Faronics Deep Freeze,C:\Program Files (x86)\Faronics\Deep Freeze\DFWks.exe,C:\Program Files (x86)\Faronics\Deep Freeze\DFWks.exe,Windows,Windows,,Deep Freeze workstation install / control utility
faronics_deep_freeze,Faronics Deep Freeze,C:\Windows\Temp\DFServiceInit.log,C:\Windows\Temp\DFServiceInit.log,Windows,Windows,,Deep Freeze service initialization log
faronics_deep_freeze,Faronics Deep Freeze,C:\Users\<USER>\AppData\Local\Temp\_$Df\DFStdInstall.sib,C:\Users\<USER>\AppData\Local\Temp\_$Df\DFStdInstall.sib,Windows,Windows,,Deep Freeze Standard installer scratch file
faronics_deploy,Faronics Deploy,C:\Program Files (x86)\Faronics\Faronics Deploy Agent\FaronicsDeployAgent.exe,C:\Program Files (x86)\Faronics\Faronics Deploy Agent\FaronicsDeployAgent.exe,Windows,Windows,,Faronics Deploy Agent main executable
faronics_deploy,Faronics Deploy,C:\Program Files (x86)\Faronics\Faronics Deploy Agent\FWAService.exe,C:\Program Files (x86)\Faronics\Faronics Deploy Agent\FWAService.exe,Windows,Windows,,Faronics Deploy Cloud Agent service (registered as FWASvc)
faronics_deploy,Faronics Deploy,C:\Program Files (x86)\Faronics\Faronics Deploy Agent\FWA_UI_Agent.exe,C:\Program Files (x86)\Faronics\Faronics Deploy Agent\FWA_UI_Agent.exe,Windows,Windows,,Faronics Deploy user-interface agent
faronics_deploy,Faronics Deploy,C:\Program Files (x86)\Faronics\Faronics Deploy Agent\FRCServer.exe,C:\Program Files (x86)\Faronics\Faronics Deploy Agent\FRCServer.exe,Windows,Windows,,Faronics Remote Control server component
faronics_deploy,Faronics Deploy,C:\ProgramData\Faronics\StorageSpace\FWA\CloudAgentLogs.LOG,C:\ProgramData\Faronics\StorageSpace\FWA\CloudAgentLogs.LOG,Windows,Windows,,Faronics Deploy / Cloud Agent activity log
faronics_deploy,Faronics Deploy,C:\ProgramData\Faronics\StorageSpace\FWA\Logs\FWASvc.log,C:\ProgramData\Faronics\StorageSpace\FWA\Logs\FWASvc.log,Windows,Windows,,Faronics Deploy service log (FWASvc)
faronics_insight,Faronics Insight,C:\Program Files\Faronics\Insight Student\FIStudentSvc.exe,C:\Program Files\Faronics\Insight Student\FIStudentSvc.exe,Windows,Windows,,Faronics Insight Student Windows service
faronics_insight,Faronics Insight,C:\Program Files\Faronics\Insight Student\FIStudentAgent.exe,C:\Program Files\Faronics\Insight Student\FIStudentAgent.exe,Windows,Windows,,Faronics Insight Student agent
faronics_insight,Faronics Insight,C:\Program Files\Faronics\Insight Student\FIStudentUI.exe,C:\Program Files\Faronics\Insight Student\FIStudentUI.exe,Windows,Windows,,Faronics Insight Student UI host
faronics_insight,Faronics Insight,C:\Program Files\Faronics\Insight Student\STAHelper.exe,C:\Program Files\Faronics\Insight Student\STAHelper.exe,Windows,Windows,,Faronics Insight Student helper executable
faronics_insight,Faronics Insight,C:\Program Files\Faronics\Insight Teacher\STAHelper.exe,C:\Program Files\Faronics\Insight Teacher\STAHelper.exe,Windows,Windows,,Faronics Insight Teacher helper executable
fleetdeck,FleetDeck.io,C:\Program Files (x86)\FleetDeck Agent\fleetdeck_agent_svc.exe,C:\Program Files (x86)\FleetDeck Agent\fleetdeck_agent_svc.exe,Windows,Windows,,FleetDeck agent service executable (verified via official documentation)
fleetdeck,FleetDeck.io,C:\Program Files (x86)\FleetDeck Agent\*\fleetdeck_agent.exe,C:\Program Files (x86)\FleetDeck Agent\*\fleetdeck_agent.exe,Windows,Windows,,FleetDeck agent executable (verified via official documentation)
fleetdeck,FleetDeck.io,C:\Program Files (x86)\FleetDeck Agent\*\fd_agent.dll,C:\Program Files (x86)\FleetDeck Agent\*\fd_agent.dll,Windows,Windows,,FleetDeck agent DLL (reported in GitHub issue)
fleetdeck,FleetDeck.io,C:\Windows\Temp\FleetDeck\*,C:\Windows\Temp\FleetDeck\*,Windows,Windows,,FleetDeck temporary files directory (verified via official documentation)
freshservice,Freshservice,C:\Program Files (x86)\Freshdesk\Freshservice Discovery Agent\FSAgentService.exe,C:\Program Files (x86)\Freshdesk\Freshservice Discovery Agent\FSAgentService.exe,Windows,Windows,,Freshservice Discovery Agent SYSTEM service binary (registered as Windows service `FSAgentService`). Confirmed via `fs-windows-agent-3.10.0.msi` File table and CAPE Sandbox of SHA256 773f976170f87167d63d55bf83c5f3853d3f10f01dd627ab3dfe0f02b6f25d48.
freshservice,Freshservice,C:\Program Files (x86)\Freshdesk\Freshservice Discovery Agent\FSAgentAutoUpdate.exe,C:\Program Files (x86)\Freshdesk\Freshservice Discovery Agent\FSAgentAutoUpdate.exe,Windows,Windows,,Freshservice Discovery Agent auto-updater binary; pulls new MSIs from fstools.freshservice.com.
freshservice,Freshservice,C:\Program Files (x86)\Freshdesk\Freshservice Discovery Agent\FSAgentCrashStatusUpdater.exe,C:\Program Files (x86)\Freshdesk\Freshservice Discovery Agent\FSAgentCrashStatusUpdater.exe,Windows,Windows,,Freshservice Discovery Agent crash reporter binary.
freshservice,Freshservice,C:\Program Files (x86)\Freshdesk\Freshservice Discovery Agent\FSWmiScanner.exe,C:\Program Files (x86)\Freshdesk\Freshservice Discovery Agent\FSWmiScanner.exe,Windows,Windows,,Freshservice WMI scanner helper invoked by FSAgentService.
freshservice,Freshservice,C:\Program Files (x86)\Freshdesk\Freshservice Discovery Agent\AgentInstaller.dll,C:\Program Files (x86)\Freshdesk\Freshservice Discovery Agent\AgentInstaller.dll,Windows,Windows,,Freshservice Discovery Agent custom-action DLL responsible for installing/uninstalling the `FSAgentService` Windows service via msiexec.
freshservice,Freshservice,C:\Program Files (x86)\Freshdesk\Freshservice Discovery Agent\FSUtil.dll,C:\Program Files (x86)\Freshdesk\Freshservice Discovery Agent\FSUtil.dll,Windows,Windows,,Freshservice Discovery Agent shared utility library.
freshservice,Freshservice,C:\Program Files (x86)\Freshdesk\Freshservice Discovery Agent\Newtonsoft.Json.dll,C:\Program Files (x86)\Freshdesk\Freshservice Discovery Agent\Newtonsoft.Json.dll,Windows,Windows,,Bundled JSON.NET library shipped inside the Discovery Agent MSI.
freshservice,Freshservice,C:\Program Files (x86)\Freshdesk\Freshservice Discovery Agent\log4net.dll,C:\Program Files (x86)\Freshdesk\Freshservice Discovery Agent\log4net.dll,Windows,Windows,,Bundled log4net library shipped inside the Discovery Agent MSI.
freshservice,Freshservice,C:\Program Files (x86)\Freshdesk\Freshservice Discovery Agent\Microsoft.Win32.TaskScheduler.dll,C:\Program Files (x86)\Freshdesk\Freshservice Discovery Agent\Microsoft.Win32.TaskScheduler.dll,Windows,Windows,,Microsoft.Win32.TaskScheduler library shipped inside the Discovery Agent MSI; used to register scheduled tasks for inventory cycles.
freshservice,Freshservice,C:\Program Files (x86)\Freshdesk\Freshservice Discovery Agent\settings.conf,C:\Program Files (x86)\Freshdesk\Freshservice Discovery Agent\settings.conf,Windows,Windows,,Freshservice Discovery Agent local config file.
freshservice,Freshservice,C:\Program Files (x86)\Freshdesk\Freshservice Discovery Agent\fslogger.xml,C:\Program Files (x86)\Freshdesk\Freshservice Discovery Agent\fslogger.xml,Windows,Windows,,log4net configuration file for FSAgentService.
freshservice,Freshservice,C:\Program Files (x86)\Freshdesk\Freshservice Discovery Agent\logs\*,C:\Program Files (x86)\Freshdesk\Freshservice Discovery Agent\logs\*,Windows,Windows,,Freshservice Discovery Agent log directory (vendor-documented log location for the Windows agent).
freshservice,Freshservice,C:\Program Files (x86)\Freshworks\FreshServiceProbe\bin\Freshservice.DiscoveryProbe.ScanService.exe,C:\Program Files (x86)\Freshworks\FreshServiceProbe\bin\Freshservice.DiscoveryProbe.ScanService.exe,Windows,Windows,,Freshservice Discovery Probe SYSTEM scan service binary (registered as Windows service `FreshServiceScan`). Confirmed via `fs-probe-4.13.0.msi` ServiceInstall table.
freshservice,Freshservice,C:\Program Files (x86)\Freshworks\FreshServiceProbe\bin\Freshservice.DiscoveryProbe.Window.exe,C:\Program Files (x86)\Freshworks\FreshServiceProbe\bin\Freshservice.DiscoveryProbe.Window.exe,Windows,Windows,,Freshservice Discovery Probe tray application; embeds references to fstools.freshservice.com and fstools.freshasset.com.
freshservice,Freshservice,C:\Program Files (x86)\Freshworks\FreshServiceProbe\bin\AutoUpdate.exe,C:\Program Files (x86)\Freshworks\FreshServiceProbe\bin\AutoUpdate.exe,Windows,Windows,,Freshservice Discovery Probe auto-updater binary.
freshservice,Freshservice,C:\Program Files (x86)\Freshworks\FreshServiceProbe\bin\Freshservice.DiscoveryProbe.AutoFlush.exe,C:\Program Files (x86)\Freshworks\FreshServiceProbe\bin\Freshservice.DiscoveryProbe.AutoFlush.exe,Windows,Windows,,Freshservice Discovery Probe scheduled flush helper.
freshservice,Freshservice,C:\Program Files (x86)\Freshworks\FreshServiceProbe\bin\Freshservice.DiscoveryProbe.OIDLibraryPuller.exe,C:\Program Files (x86)\Freshworks\FreshServiceProbe\bin\Freshservice.DiscoveryProbe.OIDLibraryPuller.exe,Windows,Windows,,Freshservice Discovery Probe SNMP OID library updater.
freshservice,Freshservice,C:\Program Files (x86)\Freshworks\FreshServiceProbe\bin\Freshservice.DiscoveryProbe.ProgressBar.exe,C:\Program Files (x86)\Freshworks\FreshServiceProbe\bin\Freshservice.DiscoveryProbe.ProgressBar.exe,Windows,Windows,,Freshservice Discovery Probe scan progress UI helper.
freshservice,Freshservice,C:\Program Files (x86)\Freshworks\FreshServiceProbe\bin\FSProbeReporter.exe,C:\Program Files (x86)\Freshworks\FreshServiceProbe\bin\FSProbeReporter.exe,Windows,Windows,,Freshservice Discovery Probe telemetry reporter.
freshservice,Freshservice,C:\Program Files (x86)\Freshworks\FreshServiceProbe\bin\FSProbeCrashStatusUpdater.exe,C:\Program Files (x86)\Freshworks\FreshServiceProbe\bin\FSProbeCrashStatusUpdater.exe,Windows,Windows,,Freshservice Discovery Probe crash reporter.
freshservice,Freshservice,C:\Program Files (x86)\Freshworks\FreshServiceProbe\bin\UninstallStatusUpdater.exe,C:\Program Files (x86)\Freshworks\FreshServiceProbe\bin\UninstallStatusUpdater.exe,Windows,Windows,,Freshservice Discovery Probe uninstall reporter.
freshservice,Freshservice,C:\Program Files (x86)\Freshworks\FreshServiceProbe\bin\FSScheduler.exe,C:\Program Files (x86)\Freshworks\FreshServiceProbe\bin\FSScheduler.exe,Windows,Windows,,Freshservice Discovery Probe scheduler helper (registers scheduled scan tasks).
freshservice,Freshservice,C:\Program Files (x86)\Freshworks\FreshServiceProbe\bin\FSWmiScanner.exe,C:\Program Files (x86)\Freshworks\FreshServiceProbe\bin\FSWmiScanner.exe,Windows,Windows,,Freshservice Discovery Probe WMI scanner helper.
freshservice,Freshservice,C:\Program Files (x86)\Freshworks\FreshServiceProbe\bin\IPRangeCalculator.exe,C:\Program Files (x86)\Freshworks\FreshServiceProbe\bin\IPRangeCalculator.exe,Windows,Windows,,Freshservice Discovery Probe IP-range subnet calculator helper.
freshservice,Freshservice,C:\Program Files (x86)\Freshworks\FreshServiceProbe\bin\plink.exe,C:\Program Files (x86)\Freshworks\FreshServiceProbe\bin\plink.exe,Windows,Windows,,"Bundled PuTTY plink 0.62 executable shipped inside the Discovery Probe MSI for SSH-based scanning. Legitimate redistributable, but execution from this path is a Freshservice-specific signal."
freshservice,Freshservice,C:\Program Files (x86)\Freshworks\FreshServiceProbe\bin\Freshservice.DiscoveryProbe.ScanService.exe.config,C:\Program Files (x86)\Freshworks\FreshServiceProbe\bin\Freshservice.DiscoveryProbe.ScanService.exe.config,Windows,Windows,,.NET application config file for the FreshServiceScan service.
freshservice,Freshservice,C:\Program Files (x86)\Freshworks\FreshServiceProbe\bin\Freshservice.DiscoveryProbe.Model.dll,C:\Program Files (x86)\Freshworks\FreshServiceProbe\bin\Freshservice.DiscoveryProbe.Model.dll,Windows,Windows,,Freshservice Discovery Probe data-model assembly.
freshservice,Freshservice,C:\Program Files (x86)\Freshworks\FreshServiceProbe\bin\Freshservice.DiscoveryProbe.PostMan.dll,C:\Program Files (x86)\Freshworks\FreshServiceProbe\bin\Freshservice.DiscoveryProbe.PostMan.dll,Windows,Windows,,Freshservice Discovery Probe HTTP client assembly.
freshservice,Freshservice,C:\Program Files (x86)\Freshworks\FreshServiceProbe\bin\Freshservice.DiscoveryProbe.GlobalSettings.dll,C:\Program Files (x86)\Freshworks\FreshServiceProbe\bin\Freshservice.DiscoveryProbe.GlobalSettings.dll,Windows,Windows,,Freshservice Discovery Probe settings assembly.
freshservice,Freshservice,C:\Program Files (x86)\Freshworks\FreshServiceProbe\bin\Freshservice.DiscoveryProbe.Linux.dll,C:\Program Files (x86)\Freshworks\FreshServiceProbe\bin\Freshservice.DiscoveryProbe.Linux.dll,Windows,Windows,,Freshservice Discovery Probe Linux scanner assembly.
freshservice,Freshservice,C:\Program Files (x86)\Freshworks\FreshServiceProbe\bin\Freshservice.DiscoveryProbe.Scanner.dll,C:\Program Files (x86)\Freshworks\FreshServiceProbe\bin\Freshservice.DiscoveryProbe.Scanner.dll,Windows,Windows,,Freshservice Discovery Probe primary scanner assembly.
freshservice,Freshservice,C:\Program Files (x86)\Freshworks\FreshServiceProbe\bin\Freshservice.DiscoveryProbe.UtilitiesWrapper.dll,C:\Program Files (x86)\Freshworks\FreshServiceProbe\bin\Freshservice.DiscoveryProbe.UtilitiesWrapper.dll,Windows,Windows,,Freshservice Discovery Probe utilities wrapper.
freshservice,Freshservice,C:\Program Files (x86)\Freshworks\FreshServiceProbe\bin\Freshservice.Discovery.SNMP.dll,C:\Program Files (x86)\Freshworks\FreshServiceProbe\bin\Freshservice.Discovery.SNMP.dll,Windows,Windows,,Freshservice Discovery Probe SNMP scanner assembly.
freshservice,Freshservice,C:\Program Files (x86)\Freshworks\FreshServiceProbe\bin\Freshservice.Discovery.Utilities.dll,C:\Program Files (x86)\Freshworks\FreshServiceProbe\bin\Freshservice.Discovery.Utilities.dll,Windows,Windows,,Freshservice Discovery shared utilities assembly.
freshservice,Freshservice,C:\Program Files (x86)\Freshworks\FreshServiceProbe\bin\Freshservice.Integrations.SCCM.dll,C:\Program Files (x86)\Freshworks\FreshServiceProbe\bin\Freshservice.Integrations.SCCM.dll,Windows,Windows,,Freshservice Discovery Probe Microsoft SCCM integration assembly (issues SCCM SQL queries on the customer SCCM server).
freshservice,Freshservice,C:\Program Files (x86)\Freshworks\FreshServiceProbe\bin\Vim25Service.dll,C:\Program Files (x86)\Freshworks\FreshServiceProbe\bin\Vim25Service.dll,Windows,Windows,,VMware vSphere SDK assembly (12.6 MB) shipped inside the Discovery Probe MSI for VMware ESXi/vCenter inventory.
freshservice,Freshservice,C:\Program Files (x86)\Freshworks\FreshServiceProbe\bin\Renci.SshNet.dll,C:\Program Files (x86)\Freshworks\FreshServiceProbe\bin\Renci.SshNet.dll,Windows,Windows,,Bundled Renci.SshNet 2016.1.0.0 SSH client library used by the Probe for Linux/Unix scans.
freshservice,Freshservice,C:\Program Files (x86)\Freshworks\FreshServiceProbe\bin\SnmpSharpNet.dll,C:\Program Files (x86)\Freshworks\FreshServiceProbe\bin\SnmpSharpNet.dll,Windows,Windows,,Bundled SnmpSharpNet 0.9.5 SNMP client library used by the Probe.
freshservice,Freshservice,C:\Program Files (x86)\Freshworks\FreshServiceProbe\bin\System.Data.SQLite.dll,C:\Program Files (x86)\Freshworks\FreshServiceProbe\bin\System.Data.SQLite.dll,Windows,Windows,,Bundled System.Data.SQLite library used by the Probe for its local discovery DB.
freshservice,Freshservice,C:\Program Files (x86)\Freshworks\FreshServiceProbe\bin\SQLite.Interop.dll,C:\Program Files (x86)\Freshworks\FreshServiceProbe\bin\SQLite.Interop.dll,Windows,Windows,,Bundled SQLite native interop DLL used by the Probe.
freshservice,Freshservice,C:\Program Files (x86)\Freshworks\FreshServiceProbe\bin\Microsoft.Win32.TaskScheduler.dll,C:\Program Files (x86)\Freshworks\FreshServiceProbe\bin\Microsoft.Win32.TaskScheduler.dll,Windows,Windows,,Microsoft.Win32.TaskScheduler library used by FSScheduler.exe to register Windows scheduled scan tasks.
freshservice,Freshservice,C:\Program Files (x86)\Freshworks\FreshServiceProbe\db\freshservice_discovery.db,C:\Program Files (x86)\Freshworks\FreshServiceProbe\db\freshservice_discovery.db,Windows,Windows,,Freshservice Discovery Probe local SQLite database holding scan results and tenant config.
freshservice,Freshservice,C:\Program Files (x86)\Freshworks\FreshServiceProbe\conf\Configurations.json,C:\Program Files (x86)\Freshworks\FreshServiceProbe\conf\Configurations.json,Windows,Windows,,Freshservice Discovery Probe primary JSON configuration file.
freshservice,Freshservice,C:\Program Files (x86)\Freshworks\FreshServiceProbe\conf\fslogger.xml,C:\Program Files (x86)\Freshworks\FreshServiceProbe\conf\fslogger.xml,Windows,Windows,,log4net config file for the FreshServiceScan service.
freshservice,Freshservice,C:\Program Files (x86)\Freshworks\FreshServiceProbe\conf\fsautoupdatelogger.xml,C:\Program Files (x86)\Freshworks\FreshServiceProbe\conf\fsautoupdatelogger.xml,Windows,Windows,,log4net config file for the AutoUpdate.exe Probe updater.
freshservice,Freshservice,C:\Program Files (x86)\Freshworks\FreshServiceProbe\nmap\nmap-service-probes,C:\Program Files (x86)\Freshworks\FreshServiceProbe\nmap\nmap-service-probes,Windows,Windows,,Bundled nmap service-probes database (~2.3 MB) shipped inside the Discovery Probe MSI; used by the Probe for service-version detection on customer networks.
freshservice,Freshservice,C:\Program Files (x86)\Freshworks\FreshServiceProbe\scan\windows_scripts\ListADComputers.vbs,C:\Program Files (x86)\Freshworks\FreshServiceProbe\scan\windows_scripts\ListADComputers.vbs,Windows,Windows,,Bundled VBS that enumerates computers from Active Directory; invoked by the Discovery Probe for AD discovery.
freshservice,Freshservice,C:\Program Files (x86)\Freshworks\FreshServiceProbe\scan\windows_scripts\ListDomains.vbs,C:\Program Files (x86)\Freshworks\FreshServiceProbe\scan\windows_scripts\ListDomains.vbs,Windows,Windows,,Bundled VBS that enumerates domains from Active Directory.
freshservice,Freshservice,C:\Program Files (x86)\Freshworks\FreshServiceProbe\scan\windows_scripts\GetComputerInfo.vbs,C:\Program Files (x86)\Freshworks\FreshServiceProbe\scan\windows_scripts\GetComputerInfo.vbs,Windows,Windows,,"Bundled VBS that gathers per-host computer info (OS, hardware, users) — invoked by the Probe over WMI."
freshservice,Freshservice,C:\Program Files (x86)\Freshworks\FreshServiceProbe\scan\unix_scripts\unix_ssh_scan.sh,C:\Program Files (x86)\Freshworks\FreshServiceProbe\scan\unix_scripts\unix_ssh_scan.sh,Windows,Windows,,Bundled Bash script that the Probe pushes over SSH to Linux/Unix targets to gather inventory.
freshservice,Freshservice,C:\Program Files (x86)\Freshworks\FreshServiceProbe\Uninstall.bat,C:\Program Files (x86)\Freshworks\FreshServiceProbe\Uninstall.bat,Windows,Windows,,Freshservice Discovery Probe uninstall helper batch file (shipped inside the Probe MSI).
freshservice,Freshservice,C:\Program Files (x86)\Freshworks\FreshServiceProbe\MsiUpdater.vbs,C:\Program Files (x86)\Freshworks\FreshServiceProbe\MsiUpdater.vbs,Windows,Windows,,Freshservice Discovery Probe VBS helper used by AutoUpdate.exe to chain new MSIs via msiexec.
freshservice,Freshservice,FSProbeUninstall.vbs,FSProbeUninstall.vbs,Windows,Windows,,VBS uninstall helper observed in VirusTotal as a referrer file for fstools.freshservice.com (community-distributed Probe uninstall script).
freshservice,Freshservice,%PROGRAMFILES(X86)%\Freshdesk\Freshservice Discovery Agent\*,C:\Program Files (x86)\Freshdesk\Freshservice Discovery Agent\*,Windows,Windows,,Catch-all wildcard for the Discovery Agent install directory (32-bit MSI; on x64 Windows it lands under Program Files (x86)).
freshservice,Freshservice,%PROGRAMFILES(X86)%\Freshworks\FreshServiceProbe\*,C:\Program Files (x86)\Freshworks\FreshServiceProbe\*,Windows,Windows,,Catch-all wildcard for the Discovery Probe install directory.
freshservice,Freshservice,/Applications/Freshservice Discovery Agent.app,/Applications/Freshservice Discovery Agent.app,macOS,MacOS,,macOS Discovery Agent install location (vendor docs — supported on macOS Catalina through Sequoia/Tahoe; binary names not directly observed).
freshservice,Freshservice,/opt/freshservice/discovery_agent/*,/opt/freshservice/discovery_agent/*,Linux,Linux,,Inferred Linux Discovery Agent install root based on the vendor's documented Linux install script and .NET 5+ runtime requirement; not directly verified against a Linux build.
getscreen,GetScreen,C:\ProgramData\Getscreen.me\<date>.log,C:\ProgramData\Getscreen.me\<date>.log,Windows,Windows,,"General application log file containing timestamps in UTC. The date and year must be correlated from the filename, as a new log is created for each day."
getscreen,GetScreen,C:\ProgramData\Getscreen.me\<date>.gui.log,C:\ProgramData\Getscreen.me\<date>.gui.log,Windows,Windows,,"Operator interaction log. Records all actions performed by the operator on the remote host, including control mode activity and interactive file explorer usage. Timestamps are in UTC and must be correlated with the filename for full date context."
getscreen,GetScreen,C:\ProgramData\Getscreen.me\session.inf,C:\ProgramData\Getscreen.me\session.inf,Windows,Windows,,"Contains a list of previous sessions with source IP, country, region, city and start/end time in epoch format."
getscreen,GetScreen,C:\Users\*\AppData\Local\Getscreen.me,C:\Users\*\AppData\Local\Getscreen.me,Windows,Windows,,Local application data directory.
glpi,GLPI Agent,C:\Program Files\GLPI-Agent\perl\bin\glpi-agent,C:\Program Files\GLPI-Agent\perl\bin\glpi-agent,Windows,Windows,,GLPI Agent main Perl entrypoint (Windows install)
glpi,GLPI Agent,C:\Program Files\GLPI-Agent\perl\bin\glpi-win32-service.bat,C:\Program Files\GLPI-Agent\perl\bin\glpi-win32-service.bat,Windows,Windows,,Windows service wrapper script that hosts the agent as a Windows service
glpi,GLPI Agent,C:\Program Files\GLPI-Agent\perl\bin\glpi-inventory,C:\Program Files\GLPI-Agent\perl\bin\glpi-inventory,Windows,Windows,,Standalone inventory collector (offline / one-shot)
glpi,GLPI Agent,C:\Program Files\GLPI-Agent\perl\bin\glpi-netdiscovery,C:\Program Files\GLPI-Agent\perl\bin\glpi-netdiscovery,Windows,Windows,,SNMP network discovery task binary
glpi,GLPI Agent,C:\Program Files\GLPI-Agent\perl\bin\glpi-netinventory,C:\Program Files\GLPI-Agent\perl\bin\glpi-netinventory,Windows,Windows,,SNMP network inventory task binary
glpi,GLPI Agent,C:\Program Files\GLPI-Agent\perl\bin\glpi-esx,C:\Program Files\GLPI-Agent\perl\bin\glpi-esx,Windows,Windows,,VMware ESX inventory task binary
glpi,GLPI Agent,C:\Program Files\GLPI-Agent\perl\bin\glpi-injector,C:\Program Files\GLPI-Agent\perl\bin\glpi-injector,Windows,Windows,,Inventory data injection / push utility
glpi,GLPI Agent,C:\Program Files\GLPI-Agent\perl\bin\glpi-remote,C:\Program Files\GLPI-Agent\perl\bin\glpi-remote,Windows,Windows,,Remote agent management utility (SSH / WinRM-based remote inventory)
glpi,GLPI Agent,C:\Program Files\GLPI-Agent\perl\bin\perl.exe,C:\Program Files\GLPI-Agent\perl\bin\perl.exe,Windows,Windows,,Strawberry Perl interpreter bundled with the GLPI Agent MSI
glpi,GLPI Agent,C:\Program Files\GLPI-Agent\perl\bin\wperl.exe,C:\Program Files\GLPI-Agent\perl\bin\wperl.exe,Windows,Windows,,Strawberry Perl windowless interpreter bundled with the GLPI Agent MSI
glpi,GLPI Agent,C:\Program Files\GLPI-Agent\etc\agent.cfg,C:\Program Files\GLPI-Agent\etc\agent.cfg,Windows,Windows,,GLPI Agent configuration file (Windows portable mode and override location)
glpi,GLPI Agent,C:\Program Files\GLPI-Agent\logs\glpi-agent.log,C:\Program Files\GLPI-Agent\logs\glpi-agent.log,Windows,Windows,,Default GLPI Agent log file path on Windows
glpi,GLPI Agent,C:\Program Files\GLPI-Agent\var\*,C:\Program Files\GLPI-Agent\var\*,Windows,Windows,,"GLPI Agent variable / state directory (cached inventory, last-run state)"
glpi,GLPI Agent,/usr/bin/glpi-agent,/usr/bin/glpi-agent,Linux,Linux,,GLPI Agent main binary on Linux package installs (.deb / .rpm)
glpi,GLPI Agent,/usr/local/bin/glpi-agent,/usr/local/bin/glpi-agent,Linux,Linux,,GLPI Agent main binary on Linux AppImage installs (default --installpath)
glpi,GLPI Agent,/etc/glpi-agent/agent.cfg,/etc/glpi-agent/agent.cfg,Linux,Linux,,GLPI Agent main configuration file on Linux (FHS layout)
glpi,GLPI Agent,/etc/glpi-agent/conf.d/*,/etc/glpi-agent/conf.d/*,Linux,Linux,,GLPI Agent configuration overrides directory (preserved across package upgrades)
glpi,GLPI Agent,/var/lib/glpi-agent/*,/var/lib/glpi-agent/*,Linux,Linux,,"GLPI Agent variable / state directory on Linux (cached inventory, last-run state)"
glpi,GLPI Agent,/lib/systemd/system/glpi-agent.service,/lib/systemd/system/glpi-agent.service,Linux,Linux,,systemd unit file shipped by glpi-agent .deb / .rpm packages — ExecStart=/usr/bin/glpi-agent --daemon --no-fork $OPTIONS
glpi,GLPI Agent,/Applications/GLPI-Agent/etc/agent.cfg,/Applications/GLPI-Agent/etc/agent.cfg,MacOS,MacOS,,GLPI Agent main configuration file on macOS
glpi,GLPI Agent,/Applications/GLPI-Agent/etc/conf.d/*,/Applications/GLPI-Agent/etc/conf.d/*,MacOS,MacOS,,GLPI Agent configuration overrides directory on macOS
gorelormm,Gorelo RMM,C:\Program Files\Gorelo\Agent\Plugins\Downloads\Gorelo.RemoteManagement.AppManagement.zip,C:\Program Files\Gorelo\Agent\Plugins\Downloads\Gorelo.RemoteManagement.AppManagement.zip,Windows,Windows,,Gorelo Agent Plugin - App Management
gorelormm,Gorelo RMM,C:\Program Files\Gorelo\Agent\Plugins\Downloads\Gorelo.RemoteManagement.DeviceChat.zip,C:\Program Files\Gorelo\Agent\Plugins\Downloads\Gorelo.RemoteManagement.DeviceChat.zip,Windows,Windows,,Gorelo Agent Plugin - Device Chat
gorelormm,Gorelo RMM,C:\Program Files\Gorelo\Agent\Plugins\Downloads\Gorelo.RemoteManagement.IpAddressDetector.zip,C:\Program Files\Gorelo\Agent\Plugins\Downloads\Gorelo.RemoteManagement.IpAddressDetector.zip,Windows,Windows,,Gorelo Agent Plugin - IpAddress Detector
gorelormm,Gorelo RMM,C:\Program Files\Gorelo\Agent\Plugins\Downloads\Gorelo.RemoteManagement.ScreenCapture.zip,C:\Program Files\Gorelo\Agent\Plugins\Downloads\Gorelo.RemoteManagement.ScreenCapture.zip,Windows,Windows,,Gorelo Agent Plugin - Screen Capture
gorelormm,Gorelo RMM,C:\Program Files\Gorelo\Agent\Plugins\Downloads\Gorelo.RemoteManagement.ScriptRunner.zip,C:\Program Files\Gorelo\Agent\Plugins\Downloads\Gorelo.RemoteManagement.ScriptRunner.zip,Windows,Windows,,Gorelo Agent Plugin - Script Runner
gorelormm,Gorelo RMM,C:\Program Files\Gorelo\Agent\Plugins\Downloads\Gorelo.RemoteManagement.ServerMonitor.zip,C:\Program Files\Gorelo\Agent\Plugins\Downloads\Gorelo.RemoteManagement.ServerMonitor.zip,Windows,Windows,,Gorelo Agent Plugin - Server Monitor
gorelormm,Gorelo RMM,C:\Program Files\Gorelo\Agent\Plugins\Downloads\Gorelo.RemoteManagement.ShellCommand.zip,C:\Program Files\Gorelo\Agent\Plugins\Downloads\Gorelo.RemoteManagement.ShellCommand.zip,Windows,Windows,,Gorelo Agent Plugin - Shell Command
gorelormm,Gorelo RMM,C:\Program Files\Gorelo\Agent\Plugins\Downloads\Gorelo.RemoteManagement.SystemProfiler.zip,C:\Program Files\Gorelo\Agent\Plugins\Downloads\Gorelo.RemoteManagement.SystemProfiler.zip,Windows,Windows,,Gorelo Agent Plugin - System Profiler
gorelormm,Gorelo RMM,C:\Program Files\Gorelo\Agent\Plugins\Downloads\Gorelo.RemoteManagement.SystemSecurityManagement.zip,C:\Program Files\Gorelo\Agent\Plugins\Downloads\Gorelo.RemoteManagement.SystemSecurityManagement.zip,Windows,Windows,,Gorelo Agent Plugin - System Security Management
gorelormm,Gorelo RMM,C:\Program Files\Gorelo\Agent\Plugins\Downloads\Gorelo.RemoteManagement.WindowsChecker.zip,C:\Program Files\Gorelo\Agent\Plugins\Downloads\Gorelo.RemoteManagement.WindowsChecker.zip,Windows,Windows,,Gorelo Agent Plugin - Windows Checker
gorelormm,Gorelo RMM,C:\Program Files\Gorelo\Agent\Plugins\Downloads\Gorelo.RemoteManagement.WindowsPatchManagement.zip,C:\Program Files\Gorelo\Agent\Plugins\Downloads\Gorelo.RemoteManagement.WindowsPatchManagement.zip,Windows,Windows,,Gorelo Agent Plugin - Windows Patch Management
gorelormm,Gorelo RMM,C:\Program Files\Gorelo\Agent\RMMAgent\Gorelo.RemoteManagement.Agent\Gorelo.RemoteManagement.Agent.exe,C:\Program Files\Gorelo\Agent\RMMAgent\Gorelo.RemoteManagement.Agent\Gorelo.RemoteManagement.Agent.exe,Windows,Windows,,Gorelo RMM Agent executable
gorelormm,Gorelo RMM,C:\Program Files\Gorelo\Agent\Shell\Gorelo.RemoteManagement.Shell\Gorelo.RemoteManagement.Shell.exe,C:\Program Files\Gorelo\Agent\Shell\Gorelo.RemoteManagement.Shell\Gorelo.RemoteManagement.Shell.exe,Windows,Windows,,Gorelo RMM Shell executable
gorelormm,Gorelo RMM,C:\Program Files\Gorelo\Installer\Downloads\Gorelo.RemoteManagement.Agent.zip,C:\Program Files\Gorelo\Installer\Downloads\Gorelo.RemoteManagement.Agent.zip,Windows,Windows,,Installer Download - Agent package
gorelormm,Gorelo RMM,C:\Program Files\Gorelo\Installer\Downloads\Gorelo.RemoteManagement.Shell.zip,C:\Program Files\Gorelo\Installer\Downloads\Gorelo.RemoteManagement.Shell.zip,Windows,Windows,,Installer Download - Shell package
gorelormm,Gorelo RMM,C:\Program Files\Gorelo\Installer\Downloads\Gorelo.Rmm.Installer.Handler.zip,C:\Program Files\Gorelo\Installer\Downloads\Gorelo.Rmm.Installer.Handler.zip,Windows,Windows,,Installer Download - Handler package
gorelormm,Gorelo RMM,C:\Program Files\Gorelo\Installer\Downloads\Gorelo.Rmm.Installer.zip,C:\Program Files\Gorelo\Installer\Downloads\Gorelo.Rmm.Installer.zip,Windows,Windows,,Installer Download - Installer package
gorelormm,Gorelo RMM,C:\Program Files\Gorelo\Installer\Gorelo.Rmm.Installer.Handler\Gorelo.Rmm.Installer.Handler.exe,C:\Program Files\Gorelo\Installer\Gorelo.Rmm.Installer.Handler\Gorelo.Rmm.Installer.Handler.exe,Windows,Windows,,RMM Installer Handler executable
gorelormm,Gorelo RMM,C:\Program Files\Gorelo\Installer\Gorelo.Rmm.Installer\Gorelo.Rmm.Installer.exe,C:\Program Files\Gorelo\Installer\Gorelo.Rmm.Installer\Gorelo.Rmm.Installer.exe,Windows,Windows,,RMM Installer executable
gorelormm,Gorelo RMM,C:\Program Files\Gorelo\LogFiles\Agent\diagnostics-*.txt,C:\Program Files\Gorelo\LogFiles\Agent\diagnostics-*.txt,Windows,Windows,,Diagnostics logs for the Agent component
gorelormm,Gorelo RMM,C:\Program Files\Gorelo\LogFiles\Installer\diagnostics-*.txt,C:\Program Files\Gorelo\LogFiles\Installer\diagnostics-*.txt,Windows,Windows,,Diagnostics logs for the Installer component
gorelormm,Gorelo RMM,C:\Program Files\Gorelo\LogFiles\InstallerHandler\diagnostics-*.txt,C:\Program Files\Gorelo\LogFiles\InstallerHandler\diagnostics-*.txt,Windows,Windows,,Diagnostics logs for the InstallerHandler component
gorelormm,Gorelo RMM,C:\Program Files\Gorelo\LogFiles\Shell\diagnostics-*.txt,C:\Program Files\Gorelo\LogFiles\Shell\diagnostics-*.txt,Windows,Windows,,Diagnostics logs for the Shell component
gotomypc,GoToMyPC,%AppData%\GoTo\Logs\goto.log,C:\Users\*\AppData\Roaming\GoTo\Logs\goto.log,Windows,Windows,,N/A
gotomypc,GoToMyPC,%APPDATA%\GoToMeeting\G2M.exe,C:\Users\*\AppData\Roaming\GoToMeeting\G2M.exe,Windows,Windows,,"Legitimate, LogMeIn-signed GoToMeeting binary observed in the wild as a DLL-search-order-hijacking host. The Zscaler OpenClaw campaign (May 2025) shipped G2M.exe inside a malicious MSI alongside a malicious `g2m.dll` placed in the same directory so the signed binary loaded the attacker DLL on launch, then decrypted Remcos RAT shellcode. Hunt for `G2M.exe` running with a non-LogMeIn-signed `g2m.dll` next to it."
gxm,GxM RMM Agent,*\ProgramData\GxM\agent\GxM.Agent.exe,*\ProgramData\GxM\agent\GxM.Agent.exe,Windows,Windows,,Windows service staging target implemented by the inspected service-install code.
gxm,GxM RMM Agent,*\ProgramData\GxM\enrollment.json,*\ProgramData\GxM\enrollment.json,Windows,Windows,,Enrollment configuration path implemented by the inspected code; its contents can include agent credentials and should be handled as sensitive.
gxm,GxM RMM Agent,*\ProgramData\GxM\install.log,*\ProgramData\GxM\install.log,Windows,Windows,,Installer log path implemented by the inspected code.
heartbeatrm,HeartbeatRM,C:\Program Files (x86)\HeartbeatRM\*,C:\Program Files (x86)\HeartbeatRM\*,Windows,Windows,,HeartbeatRM official installation directory (verified via vendor documentation)
heartbeatrm,HeartbeatRM,C:\Program Files\HeartbeatRM\*,C:\Program Files\HeartbeatRM\*,Windows,Windows,,HeartbeatRM reported installation directory (unverified - from threat intelligence)
heartbeatrm,HeartbeatRM,*\agent-installer-any.exe,*\agent-installer-any.exe,Windows,Windows,,HeartbeatRM official installer (verified via VirusTotal)
helpwire,HelpWire,helpwire.exe,helpwire.exe,Windows,Windows,,Windows HelpWire Operator / Quick Connect executable; observed original file name in PE metadata.
helpwire,HelpWire,HelpWire Quick.exe,HelpWire Quick.exe,Windows,Windows,,Public Windows Quick Connect download filename.
helpwire,HelpWire,HelpWire.lnk,HelpWire.lnk,Windows,Windows,,Windows Start Menu or desktop shortcut string embedded in the Windows client.
helpwire,HelpWire,HelpWire Unattended Access.lnk,HelpWire Unattended Access.lnk,Windows,Windows,,Windows unattended access shortcut string embedded in the Windows client.
helpwire,HelpWire,/Applications/HelpWire Operator.app,/Applications/HelpWire Operator.app,macOS,MacOS,,macOS HelpWire Operator app bundle inside the public DMG.
helpwire,HelpWire,helpwire-operator/bin/helpwire-operator,helpwire-operator/bin/helpwire-operator,Linux,Linux,,Linux Quick Connect operator executable inside the public tarball.
helpwire,HelpWire,/lib/systemd/system/helpwire-unattended.service,/lib/systemd/system/helpwire-unattended.service,Linux,Linux,,Linux unattended access systemd service path embedded in the Linux client.
hoptodesk,HopToDesk,C:\Program Files (x86)\HopToDesk\HopToDesk.exe,C:\Program Files (x86)\HopToDesk\HopToDesk.exe,Windows,Windows,,HopToDesk application executable (verified via VirusTotal sandbox analysis)
hoptodesk,HopToDesk,C:\Program Files (x86)\HopToDesk\privacyhelper.exe,C:\Program Files (x86)\HopToDesk\privacyhelper.exe,Windows,Windows,,HopToDesk privacy helper executable (verified via VirusTotal sandbox analysis)
hoptodesk,HopToDesk,C:\Program Files (x86)\HopToDesk\PrivacyMode.dll,C:\Program Files (x86)\HopToDesk\PrivacyMode.dll,Windows,Windows,,HopToDesk privacy mode library (verified via VirusTotal sandbox analysis)
hoptodesk,HopToDesk,C:\Program Files (x86)\HopToDesk\sciter.dll,C:\Program Files (x86)\HopToDesk\sciter.dll,Windows,Windows,,HopToDesk Sciter UI library (verified via VirusTotal sandbox analysis)
hoptodesk,HopToDesk,C:\Users\*\AppData\Local\Temp\sciter.dll,C:\Users\*\AppData\Local\Temp\sciter.dll,Windows,Windows,,HopToDesk UI library (verified via VirusTotal sandbox analysis)
hoptodesk,HopToDesk,C:\Users\*\AppData\Local\Temp\privacyhelper.exe,C:\Users\*\AppData\Local\Temp\privacyhelper.exe,Windows,Windows,,HopToDesk privacy helper (verified via VirusTotal sandbox analysis)
hoptodesk,HopToDesk,C:\Users\*\AppData\Roaming\HopToDesk\config\*,C:\Users\*\AppData\Roaming\HopToDesk\config\*,Windows,Windows,,HopToDesk configuration files (verified via VirusTotal sandbox analysis)
hoptodesk,HopToDesk,C:\Users\*\AppData\Roaming\HopToDesk\config\hoptodesk.toml,C:\Users\*\AppData\Roaming\HopToDesk\config\hoptodesk.toml,Windows,Windows,,HopToDesk configuration file (verified via VirusTotal sandbox analysis)
hoptodesk,HopToDesk,C:\Users\*\AppData\Roaming\HopToDesk\config\HopToDesk.toml,C:\Users\*\AppData\Roaming\HopToDesk\config\HopToDesk.toml,Windows,Windows,,HopToDesk configuration file (verified via VirusTotal sandbox analysis)
hoptodesk,HopToDesk,C:\Users\*\AppData\Roaming\HopToDesk\config\HopToDesk_rCURRENT.log,C:\Users\*\AppData\Roaming\HopToDesk\config\HopToDesk_rCURRENT.log,Windows,Windows,,HopToDesk log file (verified via VirusTotal sandbox analysis)
hoptodesk,HopToDesk,/System/Volumes/Data/Users/*/Library/Logs/HopToDesk/hoptodesk_rCURRENT.log,/System/Volumes/Data/Users/*/Library/Logs/HopToDesk/hoptodesk_rCURRENT.log,MacOS,MacOS,,HopToDesk log file (verified via VirusTotal sandbox analysis)
idrive,iDrive,C:\ProgramData\IDrive\*,C:\ProgramData\IDrive\*,Windows,Windows,,iDrive installation and data directory (observed in threat intelligence)
idrive,iDrive,C:\Program Files\IDrive\*,C:\Program Files\IDrive\*,Windows,Windows,,iDrive program files directory
idrive,iDrive,C:\Program Files (x86)\IDrive\*,C:\Program Files (x86)\IDrive\*,Windows,Windows,,iDrive program files directory (32-bit)
idrive,iDrive,C:\Users\*\AppData\Local\IDrive\*,C:\Users\*\AppData\Local\IDrive\*,Windows,Windows,,iDrive user data and configuration
immybot,ImmyBot,C:\Program Files\ImmyBot\*,C:\Program Files\ImmyBot\*,Windows,Windows,,ImmyBot installation directory (verified via official documentation)
immybot,ImmyBot,C:\Program Files (x86)\ImmyBot\*,C:\Program Files (x86)\ImmyBot\*,Windows,Windows,,ImmyBot installation directory for 32-bit (verified via official documentation)
immybot,ImmyBot,C:\ProgramData\ImmyBot\Logs\*,C:\ProgramData\ImmyBot\Logs\*,Windows,Windows,,ImmyBot agent logs (verified via official documentation)
immybot,ImmyBot,C:\ProgramData\ImmyBot\Scripts\*,C:\ProgramData\ImmyBot\Scripts\*,Windows,Windows,,ImmyBot script execution directory (verified via official documentation)
immybot,ImmyBot,C:\ProgramData\ImmyBotAgentService\config.json,C:\ProgramData\ImmyBotAgentService\config.json,Windows,Windows,,ImmyBot agent configuration file (verified via official documentation)
immybot,ImmyBot,C:\Windows\Temp\ImmyBot\*,C:\Windows\Temp\ImmyBot\*,Windows,Windows,,ImmyBot temporary files directory
invgate,InvGate,C:\Program Files (x86)\Inventec\InvGate.net Client\InvGate-ED.exe,C:\Program Files (x86)\Inventec\InvGate.net Client\InvGate-ED.exe,Windows,Windows,,InvGate Assets Client SYSTEM service binary (registered as the InvClient service)
invgate,InvGate,C:\Program Files (x86)\Inventec\InvGate.net Client\DepHlp.exe,C:\Program Files (x86)\Inventec\InvGate.net Client\DepHlp.exe,Windows,Windows,,InvGate Assets deployment helper used by the software-deployment module
invgate,InvGate,C:\Program Files (x86)\Inventec\InvGate.net Client\files\InvGateAssetsRD.exe,C:\Program Files (x86)\Inventec\InvGate.net Client\files\InvGateAssetsRD.exe,Windows,Windows,,InvGate Assets remote-desktop / remote-support helper invoked by the agent
invgate,InvGate,C:\Program Files (x86)\Inventec\InvGate.net Client\files\InvGateRD.exe,C:\Program Files (x86)\Inventec\InvGate.net Client\files\InvGateRD.exe,Windows,Windows,,InvGate Assets RD helper binary
invgate,InvGate,C:\Program Files (x86)\Inventec\InvGate.net Client\files\sas.dll,C:\Program Files (x86)\Inventec\InvGate.net Client\files\sas.dll,Windows,Windows,,Bundled DLL shipped under the agent's files directory
invgate,InvGate,C:\Program Files (x86)\Inventec\InvGate.net Client\Software Matt.dll,C:\Program Files (x86)\Inventec\InvGate.net Client\Software Matt.dll,Windows,Windows,,"Software metering DLL (""Software Matt"") loaded by the agent"
invgate,InvGate,C:\Program Files (x86)\Inventec\InvGate.net Client\InvClient-Log.txt,C:\Program Files (x86)\Inventec\InvGate.net Client\InvClient-Log.txt,Windows,Windows,,Top-level InvClient service log
invgate,InvGate,C:\Program Files (x86)\Inventec\InvGate.net Client\logs\InvClient-Log.txt,C:\Program Files (x86)\Inventec\InvGate.net Client\logs\InvClient-Log.txt,Windows,Windows,,InvClient service log (rotated copy under \logs\)
invgate,InvGate,C:\Program Files (x86)\Inventec\InvGate.net Client\logs\InvClient-Log_SoftwareMet.txt,C:\Program Files (x86)\Inventec\InvGate.net Client\logs\InvClient-Log_SoftwareMet.txt,Windows,Windows,,Software metering subsystem log written by the agent during execution (observed in install layout per advanceduninstaller.com inventory)
invgate,InvGate,C:\Program Files (x86)\Inventec\InvGate.net Client\logs\InvClient-Log_Service.txt,C:\Program Files (x86)\Inventec\InvGate.net Client\logs\InvClient-Log_Service.txt,Windows,Windows,,InvClient service log written by the agent during execution (observed in install layout per advanceduninstaller.com inventory)
invgate,InvGate,C:\Program Files (x86)\Inventec\InvGate.net Client\logs\*,C:\Program Files (x86)\Inventec\InvGate.net Client\logs\*,Windows,Windows,,InvGate agent logs directory (multiple per-subsystem logs)
invgate,InvGate,C:\Program Files (x86)\Inventec\InvGate.net Client\build.txt,C:\Program Files (x86)\Inventec\InvGate.net Client\build.txt,Windows,Windows,,InvGate Assets Client build identifier file
invgate,InvGate,C:\Program Files (x86)\Inventec\InvGate.net Client\invid,C:\Program Files (x86)\Inventec\InvGate.net Client\invid,Windows,Windows,,Per-endpoint InvGate Agent ID — unique value linking the endpoint to its asset record in the tenant
invgate,InvGate,C:\Program Files (x86)\Inventec\InvGate.net Client\sm_rep.inv,C:\Program Files (x86)\Inventec\InvGate.net Client\sm_rep.inv,Windows,Windows,,Software metering report inventory file
invgate,InvGate,C:\Program Files (x86)\Inventec\InvGate.net Client\sm_temp.inv,C:\Program Files (x86)\Inventec\InvGate.net Client\sm_temp.inv,Windows,Windows,,Software metering temporary inventory file
invgate,InvGate,C:\Program Files (x86)\Inventec\InvGate.net Client\usbFiles\usbLog.txt,C:\Program Files (x86)\Inventec\InvGate.net Client\usbFiles\usbLog.txt,Windows,Windows,,USB device tracking log written by the agent
invgate,InvGate,C:\Program Files (x86)\Inventec\InvGate.net Client\4.002.004.ver,C:\Program Files (x86)\Inventec\InvGate.net Client\4.002.004.ver,Windows,Windows,,Per-version marker file dropped by the agent installer/updater
invgate,InvGate,C:\Program Files (x86)\Inventec\InvGate.net Client\5.001.004.ver,C:\Program Files (x86)\Inventec\InvGate.net Client\5.001.004.ver,Windows,Windows,,Per-version marker file dropped by the agent installer/updater
invgate,InvGate,C:\Windows\Installer\{41F5BB80-6416-4AF4-B67B-FA36C29DB4C4}\ARPPRODUCTICON.exe,C:\Windows\Installer\{41F5BB80-6416-4AF4-B67B-FA36C29DB4C4}\ARPPRODUCTICON.exe,Windows,Windows,,Add/Remove Programs icon cached by Windows Installer for the InvGate Assets Client v5.001.004 product GUID
it_agent,IT Agent,ITAgentRMMSender.exe,ITAgentRMMSender.exe,Windows,Windows,,Inspected Windows IT Agent RMM Sender component.
it_agent,IT Agent,ITAgentRMMSenderSL.exe,ITAgentRMMSenderSL.exe,Windows,Windows,,Inspected Windows IT Agent RMM Sender Service Launcher component.
it_agent,IT Agent,ITAgentRMMSenderUpdater.exe,ITAgentRMMSenderUpdater.exe,Windows,Windows,,Inspected Windows IT Agent RMM Sender updater component.
it_agent,IT Agent,ITAgentSender.aiui,ITAgentSender.aiui,Windows,Windows,,Inspected Windows IT Agent RMM Sender installer artifact.
kaseya,Kaseya (VSA),%localappdata%\Kaseya\Log\KaseyaLiveConnect\*,C:\Users\*\AppData\Local\Kaseya\Log\KaseyaLiveConnect\*,Windows,Windows,,Kaseya Live Connect logs
kaseya,Kaseya (VSA),~/Library/Logs/com.kaseya/KaseyaLiveConnect/*,~/Library/Logs/com.kaseya/KaseyaLiveConnect/*,MacOS,MacOS,,Kaseya Live Connect logs
kaseya,Kaseya (VSA),C:\ProgramData\Kaseya\Log\Endpoint\*,C:\ProgramData\Kaseya\Log\Endpoint\*,Windows,Windows,,Kaseya Endpoint logs
kaseya,Kaseya (VSA),C:\Program Files*\Kaseya\*\agentmon.log,C:\Program Files*\Kaseya\*\agentmon.log,Windows,Windows,,Kaseya Agent Monitor log
kaseya,Kaseya (VSA),/var/log/system.log,/var/log/system.log,MacOS 32bit,MacOS,,Kaseya Agent Monitor log
kaseya,Kaseya (VSA),~/opt/kaseya/*/logs*,~/opt/kaseya/*/logs*,MacOS 64bit,MacOS,,Kaseya Agent Monitor log
kaseya,Kaseya (VSA),C:\Users\*\AppData\Local\Temp\KASetup.log,C:\Users\*\AppData\Local\Temp\KASetup.log,Windows,Windows,,Kaseya Setup log in user temp directory
kaseya,Kaseya (VSA),C:\Windows\Temp\KASetup.log,C:\Windows\Temp\KASetup.log,Windows,Windows,,Kaseya Setup log in Windows temp directory
kaseya,Kaseya (VSA),C:\ProgramData\Kaseya\Log\KaseyaEdgeServices\*,C:\ProgramData\Kaseya\Log\KaseyaEdgeServices\*,Windows,Windows,,Kaseya Edge Services logs
kaseya,Kaseya (VSA),C:\Kaseya\api\v1.0\logs\,C:\Kaseya\api\v1.0\logs\,Windows,Windows,,Kaseya API logs
kaseya,Kaseya (VSA),C:\Kaseya\api\v1.5\endpoint\logs,C:\Kaseya\api\v1.5\endpoint\logs,Windows,Windows,,Kaseya API logs
kaseya,Kaseya (VSA),C:\Kaseya\api\v1.5\endpoints\logs,C:\Kaseya\api\v1.5\endpoints\logs,Windows,Windows,,Kaseya API logs
kaseya,Kaseya (VSA),C:\Windows\System32\config\systemprofile\AppData\Local\Kaseya\Log\MakeSelfSignedCert.exe\,C:\Windows\System32\config\systemprofile\AppData\Local\Kaseya\Log\MakeSelfSignedCert.exe\,Windows,Windows,,Certificate creation
kaseya,Kaseya (VSA),C:\Kaseya\WebPages\install\makecert.txt,C:\Kaseya\WebPages\install\makecert.txt,Windows,Windows,,Certificate creation
kaseya,Kaseya (VSA),C:\ProgramData\Kaseya\Log\Endpoint\Instance_*\KaseyaEndpoint*,C:\ProgramData\Kaseya\Log\Endpoint\Instance_*\KaseyaEndpoint*,Windows,Windows,,Endpoint service logs
kaseya,Kaseya (VSA),C:\ProgramData\Kaseya\Log\Endpoint\Instance_*\Session_*,C:\ProgramData\Kaseya\Log\Endpoint\Instance_*\Session_*,Windows,Windows,,Session logs
komari,Komari,C:\Program Files\Komari\komari-agent.exe,C:\Program Files\Komari\komari-agent.exe,Windows,Windows,,Komari Agent Windows service binary
komari,Komari,C:\Program Files\Komari\nssm.exe,C:\Program Files\Komari\nssm.exe,Windows,Windows,,NSSM service wrapper used by the Windows Komari Agent installer
komari,Komari,C:\komari\agent,C:\komari\agent,Windows,Windows,,Komari Agent binary path when installed from a POSIX shell on Windows
komari,Komari,/opt/komari/komari,/opt/komari/komari,Linux,Linux,,Komari server binary installed by the official Linux installer
komari,Komari,/opt/komari/agent,/opt/komari/agent,Linux,Linux,,Komari Agent binary installed by the official Linux installer
komari,Komari,/usr/local/komari/agent,/usr/local/komari/agent,Mac,MacOS,,Komari Agent binary path used by the official macOS installer
komari,Komari,/etc/systemd/system/komari.service,/etc/systemd/system/komari.service,Linux,Linux,,Komari server systemd service
komari,Komari,/etc/systemd/system/komari-agent.service,/etc/systemd/system/komari-agent.service,Linux,Linux,,Komari Agent systemd service
lavawall,Lavawall,*\Lavawall\LavawallWin.exe,*\Lavawall\LavawallWin.exe,Windows,Windows,,"Canonically named Windows management agent. The inspected code selects Program Files, then Program Files (x86), then C:\Lavawall as fallback locations. Initial installation can preserve the launched executable's basename."
lavawall,Lavawall,*\Lavawall\remote-agent\remote-agent.exe,*\Lavawall\remote-agent\remote-agent.exe,Windows,Windows,,Remote-support executable extracted beneath the management agent's installation directory. Keep the Lavawall directory context because remote-agent.exe is not a product-specific filename.
lavawall,Lavawall,*\Lavawall\remote-agent\uihelper.exe,*\Lavawall\remote-agent\uihelper.exe,Windows,Windows,,Remote-support UI helper shipped alongside remote-agent.exe in the signed vendor package. The filename alone is not specific to Lavawall.
lavawall,Lavawall,*\Lavawall\LavawallCheckAndStartService.ps1,*\Lavawall\LavawallCheckAndStartService.ps1,Windows,Windows,,PowerShell watchdog script that starts the management service if it is stopped.
lavawall,Lavawall,*\Lavawall\Storage\UserAgentData.db,*\Lavawall\Storage\UserAgentData.db,Windows,Windows,,Local SQLite storage used by the Windows management agent.
lavawall,Lavawall,*\LavawallWin.dll,*\LavawallWin.dll,Windows,Windows,,"Managed assembly extracted by the self-contained Windows executable, observed in sandbox reports. Parent directories vary with the launched filename and bundle extraction directory."
lavawall,Lavawall,*\LavawallWin.runtimeconfig.json,*\LavawallWin.runtimeconfig.json,Windows,Windows,,Runtime configuration extracted alongside the managed assembly in sandbox reports.
level,Level,C:\Program Files\Level\level.exe,C:\Program Files\Level\level.exe,Windows,Windows,,Level Binary
level,Level,C:\Program Files\Level\osqueryi.exe,C:\Program Files\Level\osqueryi.exe,Windows,Windows,,A tool used by level to collect machine state information.
level,Level,C:\Program Files\Level\level.log,C:\Program Files\Level\level.log,Windows,Windows,,Client log file for Level.
levelio,Level.io,C:\Program Files\Level\level.exe,C:\Program Files\Level\level.exe,Windows,Windows,,Level Binary
levelio,Level.io,C:\Program Files\Level\osqueryi.exe,C:\Program Files\Level\osqueryi.exe,Windows,Windows,,A tool used by level to collect machine state information.
levelio,Level.io,C:\Program Files\Level\level.log,C:\Program Files\Level\level.log,Windows,Windows,,Client log file for Level.
light_rmm_agent,LightRmmAgent,*\LightRmmAgent\LightRmmAgentService.exe,*\LightRmmAgent\LightRmmAgentService.exe,Windows,Windows,,Reported executable identity scoped to the reported installation directory; the exact combined path is inferred from those two observations.
light_rmm_agent,LightRmmAgent,C:\ProgramData\LightRmmAgent\machine.id,C:\ProgramData\LightRmmAgent\machine.id,Windows,Windows,,Machine identifier written after the service started in the reported intrusion.
light_rmm_agent,LightRmmAgent,C:\Windows\Temp\MonitoringPanel.msi,C:\Windows\Temp\MonitoringPanel.msi,Windows,Windows,,"Installer staged and launched by Level-delivered PowerShell; a case-specific staging path, not the persistent executable."
localxpose,LocalXpose,loclx.exe,loclx.exe,Windows,Windows,,LocalXpose CLI client (Go static binary). Often run from the user's Downloads or AppData directory rather than a system install path.
localxpose,LocalXpose,%APPDATA%\loclx\config.yaml,C:\Users\*\AppData\Roaming\loclx\config.yaml,Windows,Windows,,LocalXpose CLI configuration (account API key after `loclx account login`)
localxpose,LocalXpose,~/.loclx/config.yaml,~/.loclx/config.yaml,Linux,Linux,,LocalXpose CLI configuration on Linux/macOS (account API key)
ls_rmm,LS RMM,*\LS RMM\LS RMM.exe,*\LS RMM\LS RMM.exe,Windows,Windows,,Management application path recorded in the inspected sample metadata.
ls_rmm,LS RMM,*\LS RMM\LS RMM Worker.exe,*\LS RMM\LS RMM Worker.exe,Windows,Windows,,Worker resource deployed by the management application and installed as a service.
ls_rmm,LS RMM,*\LS RMM\LS RMM-Update.exe,*\LS RMM\LS RMM-Update.exe,Windows,Windows,,Update executable basename recovered from static update code.
ls_rmm,LS RMM,*\LS RMM\LSRMMupdate.txt,*\LS RMM\LSRMMupdate.txt,Windows,Windows,,Version-check file basename recovered from static update code.
ls_rmm,LS RMM,*\LS RMM\SC.exe,*\LS RMM\SC.exe,Windows,Windows,,Screenshot-helper executable basename recovered from the worker's static code.
ls_rmm,LS RMM,*\LS RMM\SC.bmp,*\LS RMM\SC.bmp,Windows,Windows,,Screenshot output basename recovered from the worker's static code.
lunixar,Lunixar,C:\Program Files\Lunixar\Lunixar.dll,C:\Program Files\Lunixar\Lunixar.dll,Windows,Windows,,Main agent DLL
lunixar,Lunixar,C:\Program Files\Lunixar\Lunixar.Agent.Core.dll,C:\Program Files\Lunixar\Lunixar.Agent.Core.dll,Windows,Windows,,Agent core library
lunixar,Lunixar,C:\Program Files\Lunixar\LunixarRemote.exe,C:\Program Files\Lunixar\LunixarRemote.exe,Windows,Windows,,Remote access executable
lunixar,Lunixar,C:\Program Files\Lunixar\LunixarRemote.dll,C:\Program Files\Lunixar\LunixarRemote.dll,Windows,Windows,,Remote access library
lunixar,Lunixar,C:\Program Files\Lunixar\LunixarUpdater.exe,C:\Program Files\Lunixar\LunixarUpdater.exe,Windows,Windows,,Auto-updater executable
lunixar,Lunixar,C:\Program Files\Lunixar\LunixarUpdater.dll,C:\Program Files\Lunixar\LunixarUpdater.dll,Windows,Windows,,Auto-updater library
manageengine_servicedesk_plus,ManageEngine ServiceDesk Plus,C:\Program Files\ManageEngine\ServiceDesk\*,C:\Program Files\ManageEngine\ServiceDesk\*,Windows,Windows,,ManageEngine ServiceDesk Plus installation directory (verified via VirusTotal sandbox)
manageengine_servicedesk_plus,ManageEngine ServiceDesk Plus,C:\Users\*\AppData\Local\Temp\{*}\ManageEngine_ServiceDesk_Plus.exe,C:\Users\*\AppData\Local\Temp\{*}\ManageEngine_ServiceDesk_Plus.exe,Windows,Windows,,ManageEngine ServiceDesk Plus temporary installer files (verified via VirusTotal sandbox)
meshcentral,MeshCentral,C:\Program Files\Mesh Agent\MeshAgent.exe,C:\Program Files\Mesh Agent\MeshAgent.exe,Windows,Windows,,Local MeshAgent service binary after installation
meshcentral,MeshCentral,C:\Program Files\Mesh Agent\MeshAgent.msh,C:\Program Files\Mesh Agent\MeshAgent.msh,Windows,Windows,,"Local MeshAgent service configuration file. Contains configuration settings including the MeshCentral server address, port, and other settings. If the MeshAgent is run without being installed, the configuration file is created in the same directory as the MeshAgent binary."
meshcentral,MeshCentral,/usr/local/mesh_services/meshagent/meshagent/meshagent,/usr/local/mesh_services/meshagent/meshagent/meshagent,MacOS,MacOS,,Local MeshAgent service binary after installation
meshcentral,MeshCentral,/usr/local/mesh_services/meshagent/meshagent/meshagent.db,/usr/local/mesh_services/meshagent/meshagent/meshagent.db,MacOS,MacOS,,Local Meshagent database after installation
meshcentral,MeshCentral,/usr/local/mesh_services/meshagent/meshagent/meshagent.msh,/usr/local/mesh_services/meshagent/meshagent/meshagent.msh,MacOS,MacOS,,Local Meshagent databconfiguration file after installation
meshcentral,MeshCentral,/usr/local/mesh_services/meshagent/meshagent,/usr/local/mesh_services/meshagent/meshagent,Linux,Linux,,Local MeshAgent service binary after installation
meshcentral,MeshCentral,/usr/local/mesh_services/meshagent/meshagent.db,/usr/local/mesh_services/meshagent/meshagent.db,Linux,Linux,,Local Meshagent database after installation
meshcentral,MeshCentral,/usr/local/mesh_services/meshagent/meshagent.msh,/usr/local/mesh_services/meshagent/meshagent.msh,Linux,Linux,,Local Meshagent databconfiguration file after installation
mini_rmm,Mini RMM Agent,C:\Program Files\MiniRMM\MiniRmmAgent.exe,C:\Program Files\MiniRMM\MiniRmmAgent.exe,Windows,Windows,,Fixed executable destination in the statically inspected self-install routine.
mini_rmm,Mini RMM Agent,C:\ProgramData\MiniRMM\SmartScreenTest.ps1,C:\ProgramData\MiniRMM\SmartScreenTest.ps1,Windows,Windows,,Embedded SmartScreen-test script extracted by the agent at runtime.
mini_rmm,Mini RMM Agent,C:\ProgramData\MiniRMM\Invoke-AVExclusions.ps1,C:\ProgramData\MiniRMM\Invoke-AVExclusions.ps1,Windows,Windows,,"Embedded Defender-exclusion script extracted by the agent at runtime; included as an artifact, not as a conclusion about use or intent."
miradore,Miradore,C:\Program Files\Miradore\OnlineClient\bin\*,C:\Program Files\Miradore\OnlineClient\bin\*,Windows,Windows,,Miradore client installation directory (verified via VirusTotal sandbox analysis)
miradore,Miradore,C:\Program Files\Miradore\OnlineClient\bin\7z.dll,C:\Program Files\Miradore\OnlineClient\bin\7z.dll,Windows,Windows,,Miradore compression library (verified via VirusTotal sandbox analysis)
monitic,Monitic,C:\Program Files\Monitic\agent.exe,C:\Program Files\Monitic\agent.exe,Windows,Windows,,Monitic primary agent SYSTEM service binary (RustDesk + kopia bundle)
monitic,Monitic,C:\Program Files\Monitic\amon.exe,C:\Program Files\Monitic\amon.exe,Windows,Windows,,"Monitic monitor / watchdog SYSTEM service binary (Go, ~6 MB)"
monitic,Monitic,C:\Program Files\Monitic\conf.json,C:\Program Files\Monitic\conf.json,Windows,Windows,,Per-tenant configuration file fetched from https://api.monitic.com/api/ext/get-config?t=<token> during install (referenced explicitly by agent_installer.bat)
monitic,Monitic,C:\Program Files\Monitic\*,C:\Program Files\Monitic\*,Windows,Windows,,"Monitic install directory — created/cleared by agent_installer.bat (`del /q ""C:\Program Files\Monitic\*""`) and populated from installer.zip"
monitic,Monitic,%USERPROFILE%\Desktop\MoniticInstaller.exe,C:\Users\*\Desktop\MoniticInstaller.exe,Windows,Windows,,Bootstrap installer download location when fetched manually from https://app.monitic.com/MoniticInstaller.exe (typical install layout — observed in CAPE/Zenbox sandbox traces)
monitic,Monitic,%TEMP%\*\agent_installer.bat,C:\Users\*\AppData\Local\Temp\*\agent_installer.bat,Windows,Windows,,Silent installer batch script — extracted to a temp directory before execution (observed path C:\Users\<user>\AppData\Local\Temp\<random>\agent_installer.bat)
monitic,Monitic,%TEMP%\*\amon.exe,C:\Users\*\AppData\Local\Temp\*\amon.exe,Windows,Windows,,Stage-1 amon.exe drop location (observed at C:\Users\user\AppData\Local\Temp\vx1nkas2.1am\amon.exe before move to Program Files)
monitic,Monitic,%TEMP%\*\agent.exe,C:\Users\*\AppData\Local\Temp\*\agent.exe,Windows,Windows,,Stage-1 agent.exe drop location (observed at C:\Users\user\AppData\Local\Temp\vx1nkas2.1am\agent.exe before move to Program Files)
monitic,Monitic,%CD%\installer.zip,%CD%\installer.zip,Windows,Windows,,~58 MB ZIP downloaded from https://api.monitic.com/api/ext/download-installer?t=<token> via `powershell (New-Object Net.WebClient).DownloadFile(...)` — extracted to C:\Program Files\Monitic\ via `[IO.Compression.ZipFile]::ExtractToDirectory()` then deleted (observed sha256 5a5303d57956589d2b6b27e70f8a2c9cb91b17954a3e52caf4549dd4e0863404)
monitic,Monitic,%CD%\conf.json,%CD%\conf.json,Windows,Windows,,Transient configuration file downloaded from https://api.monitic.com/api/ext/get-config?t=<token> by agent_installer.bat then `copy`-ed to C:\Program Files\Monitic\conf.json and deleted from working directory
mousewithoutborders,Mouse Without Borders,C:\Program Files (x86)\Microsoft Garage\Mouse without Borders\MouseWithoutBorders.exe,C:\Program Files (x86)\Microsoft Garage\Mouse without Borders\MouseWithoutBorders.exe,Windows,Windows,,Main application binary
mousewithoutborders,Mouse Without Borders,C:\Program Files (x86)\Microsoft Garage\Mouse without Borders\MouseWithoutBordersSvc.exe,C:\Program Files (x86)\Microsoft Garage\Mouse without Borders\MouseWithoutBordersSvc.exe,Windows,Windows,,Optional service binary when Service Mode is enabled
mousewithoutborders,Mouse Without Borders,C:\Program Files (x86)\Microsoft Garage\Mouse without Borders\MouseWithoutBordersHelper.exe,C:\Program Files (x86)\Microsoft Garage\Mouse without Borders\MouseWithoutBordersHelper.exe,Windows,Windows,,Helper executable used by Mouse Without Borders
mremote,Mremote,*\AppData\Roaming\Mremote\agent.exe,*\AppData\Roaming\Mremote\agent.exe,Windows,Windows,,Stable per-user agent path derived from the inspected Windows binary.
mremote,Mremote,*\AppData\Roaming\Mremote\agent.log,*\AppData\Roaming\Mremote\agent.log,Windows,Windows,,Agent log written by the inspected Windows sample in existing sandbox evidence.
mremote,Mremote,*\AppData\Roaming\Mremote\enrolled.json,*\AppData\Roaming\Mremote\enrolled.json,Windows,Windows,,Enrollment cache path derived from the inspected Windows binary; contents are deployment-specific.
mremote,Mremote,*\AppData\Roaming\Mremote\consent.ok,*\AppData\Roaming\Mremote\consent.ok,Windows,Windows,,General-consent marker path derived from the inspected Windows binary.
mremoteng,mRemoteNG,C:\Users\*\AppData\Roaming\mRemoteNG\mRemoteNG.log,C:\Users\*\AppData\Roaming\mRemoteNG\mRemoteNG.log,Windows,Windows,,mRemoteNG log file
mremoteng,mRemoteNG,C:\Users\*\AppData\Roaming\mRemoteNG\confCons.xml,C:\Users\*\AppData\Roaming\mRemoteNG\confCons.xml,Windows,Windows,,mRemoteNG configuration file
mremoteng,mRemoteNG,C:\Users\*\AppData\*\mRemoteNG\**10\user.config,C:\Users\*\AppData\*\mRemoteNG\**10\user.config,Windows,Windows,,mRemoteNG user configuration file
mstsc,mstsc.exe (Microsoft Remote Desktop Connection),%USERPROFILE%\Documents\Default.rdp,C:\Users\*\Documents\Default.rdp,Windows,Windows,,Hidden default RDP connection profile created by mstsc.exe.
mstsc,mstsc.exe (Microsoft Remote Desktop Connection),%SystemRoot%\System32\termsrv.exe,C:\Windows\System32\termsrv.exe,Windows,Windows,,"Server-side Terminal Services / Remote Desktop Services host service that listens for inbound mstsc.exe sessions on TCP/3389. Present on the destination, not the client originating the connection."
netbird,NetBird,C:\Program Files\Netbird\netbird.exe,C:\Program Files\Netbird\netbird.exe,Windows,Windows,,NetBird client installation directory
netbird,NetBird,C:\ProgramData\Netbird\config.json,C:\ProgramData\Netbird\config.json,Windows,Windows,,NetBird configuration file
netbird,NetBird,/etc/netbird/config.json,/etc/netbird/config.json,Linux,Linux,,NetBird configuration file
netbird,NetBird,/var/log/netbird/*,/var/log/netbird/*,Linux,Linux,,NetBird log files
netbird,NetBird,/etc/netbird/install.conf,/etc/netbird/install.conf,Linux,Linux,,NetBird installation manifest written by the official install.sh — records the package manager type used.
netbird,NetBird,/Applications/NetBird UI.app,/Applications/NetBird UI.app,macOS,MacOS,,NetBird UI application bundle on macOS (installed via .pkg or Homebrew cask).
netbird,NetBird,C:\bin\netbird.msi,C:\bin\netbird.msi,Windows,Windows,,NetBird MSI dropped by the May 2025 Trellix-reported CFO spear-phishing campaign (silently installed by cis.vbs / Stage-2 VBS).
netbird,NetBird,C:\bin\OpenSSH.msi,C:\bin\OpenSSH.msi,Windows,Windows,,OpenSSH server MSI dropped alongside NetBird in the May 2025 CFO spear-phishing campaign (used to enable persistent SSH access).
netbird,NetBird,C:\bin\cis.vbs,C:\bin\cis.vbs,Windows,Windows,,Stage-2 VBScript dropper that installs NetBird and OpenSSH (May 2025 Trellix-reported campaign).
netbird,NetBird,C:\bin\trm.zip,C:\bin\trm.zip,Windows,Windows,,"ZIP staging archive containing NetBird and OpenSSH MSIs (renamed from ""trm"" payload fetched from the C2)."
netbird,NetBird,C:\temper\trm,C:\temper\trm,Windows,Windows,,Initial payload staging path used by the Stage-1 VBScript before being renamed to trm.zip (May 2025 campaign).
netlock_rmm,NetLock RMM,C:\temp\netlock rmm\installer\logs\*,C:\temp\netlock rmm\installer\logs\*,Windows,Windows,,Debug and error logs related to installation
netlock_rmm,NetLock RMM,C:\ProgramData\0x101 Cyber Security\NetLock RMM\Comm Agent\server_config.json,C:\ProgramData\0x101 Cyber Security\NetLock RMM\Comm Agent\server_config.json,Windows,Windows,,Server Configuration File
netlock_rmm,NetLock RMM,/etc/systemd/system/netlock-rmm-agent-comm.service,/etc/systemd/system/netlock-rmm-agent-comm.service,Linux,Linux,,Netlock RMM Agent comm agent service
netlock_rmm,NetLock RMM,/Library/LaunchDaemons/com.netlock.rmm.agentcomm.plist,/Library/LaunchDaemons/com.netlock.rmm.agentcomm.plist,macOS,MacOS,,macOS LaunchDaemon plist File
netlock_rmm,NetLock RMM,/var/log/netlock-rmm-agent-comm.log,/var/log/netlock-rmm-agent-comm.log,Linux,Linux,,RMM agent comm log (Non-Windows)
nexus_scogo,Nexus RMM (Scogo),nexusrmm.exe,nexusrmm.exe,Windows,Windows,,Windows Nexus RMM Agent setup filename from reviewed PE metadata.
nezha,Nezha,C:\nezha\nezha-agent.exe,C:\nezha\nezha-agent.exe,Windows,Windows,,Nezha Agent Windows binary (typical install path; vendor PowerShell installer drops it here)
nezha,Nezha,C:\nezha\config.yml,C:\nezha\config.yml,Windows,Windows,,"Nezha Agent configuration file (server address, client_secret, UUID). Sits alongside the agent binary by convention."
nezha,Nezha,/opt/nezha/agent/nezha-agent,/opt/nezha/agent/nezha-agent,Linux,Linux,,Nezha Agent Linux binary (default install path used by the official curl|bash installer)
nezha,Nezha,/opt/nezha/agent/config.yml,/opt/nezha/agent/config.yml,Linux,Linux,,"Nezha Agent configuration file on Linux (server address, client_secret, UUID)"
nezha,Nezha,/etc/systemd/system/nezha-agent.service,/etc/systemd/system/nezha-agent.service,Linux,Linux,,systemd unit file for Nezha Agent persistence on Linux
nezha,Nezha,/opt/nezha/dashboard/app,/opt/nezha/dashboard/app,Linux,Linux,,Nezha Dashboard server binary on Linux (when self-hosted dashboard is run on the same host)
ninite,Ninite Pro (Ninite Agent),%TEMP%\NiniteDownloads\*,C:\Users\*\AppData\Local\Temp\NiniteDownloads\*,Windows,Windows,,Default Ninite download cache where installers for target apps are staged.
ninite,Ninite Pro (Ninite Agent),NiniteUpdateSummary.log,NiniteUpdateSummary.log,Windows,Windows,,Ninite update and audit summary log written alongside the executable.
nvda,NVDA (Non-Visual Desktop Access),C:\Program Files (x86)\NVDA\nvda.exe,C:\Program Files (x86)\NVDA\nvda.exe,Windows,Windows,,NVDA installation directory
nvda,NVDA (Non-Visual Desktop Access),C:\Program Files\NVDA\nvda.exe,C:\Program Files\NVDA\nvda.exe,Windows,Windows,,NVDA installation directory (64-bit)
nvda,NVDA (Non-Visual Desktop Access),C:\Users\*\AppData\Roaming\nvda\nvda.log,C:\Users\*\AppData\Roaming\nvda\nvda.log,Windows,Windows,,NVDA log file
nvda,NVDA (Non-Visual Desktop Access),C:\Users\*\AppData\Roaming\nvda\nvda.ini,C:\Users\*\AppData\Roaming\nvda\nvda.ini,Windows,Windows,,NVDA configuration file
opendesk,OpenDesk RMM Agent,OpenDesk-RMM-Agent.exe,OpenDesk-RMM-Agent.exe,Windows,Windows,,Official Windows release-asset basename matching the inspected signed sample.
opendesk,OpenDesk RMM Agent,opendesk-rmm-agent.exe,opendesk-rmm-agent.exe,Windows,Windows,,Original filename in the inspected Windows sample's PE metadata.
opsbridge_agent,OpsBridge Agent,C:\Program Files\OpsBridge\OpsBridgeAgent.exe,C:\Program Files\OpsBridge\OpsBridgeAgent.exe,Windows,Windows,,Canonical agent executable installed by the observed MSI.
opsbridge_agent,OpsBridge Agent,C:\Program Files\OpsBridge\*.exe,C:\Program Files\OpsBridge\*.exe,Windows,Windows,,Randomly named persisted agent copy observed across sandbox runs.
opsbridge_agent,OpsBridge Agent,C:\ProgramData\OpsBridge\agent_state.json,C:\ProgramData\OpsBridge\agent_state.json,Windows,Windows,,Agent enrollment and runtime state.
opsbridge_agent,OpsBridge Agent,C:\ProgramData\OpsBridge\agent.log,C:\ProgramData\OpsBridge\agent.log,Windows,Windows,,Agent activity log.
opsbridge_agent,OpsBridge Agent,C:\ProgramData\OpsBridge\install.log,C:\ProgramData\OpsBridge\install.log,Windows,Windows,,Agent installation and persistence log.
opsbridge_agent,OpsBridge Agent,C:\ProgramData\OpsBridge\.persisted_v4,C:\ProgramData\OpsBridge\.persisted_v4,Windows,Windows,,Marker written after agent persistence is configured.
opsbridge_agent,OpsBridge Agent,C:\ProgramData\OpsBridge\task_*.json,C:\ProgramData\OpsBridge\task_*.json,Windows,Windows,,Per-job task file consumed by an OpsBridge worker process.
opsbridge_agent,OpsBridge Agent,C:\Windows\System32\Tasks\OpsBridge Agent,C:\Windows\System32\Tasks\OpsBridge Agent,Windows,Windows,,Scheduled task file used for agent persistence.
parsec,Parsec,C:\Program Files\Parsec\parsecd.exe,C:\Program Files\Parsec\parsecd.exe,Windows,Windows,,Main parsec executable
parsec,Parsec,C:\Program Files\Parsec\pservice.exe,C:\Program Files\Parsec\pservice.exe,Windows,Windows,,Background service managing input devices
parsec,Parsec,C:\Program Files\Parsec\teams.exe,C:\Program Files\Parsec\teams.exe,Windows,Windows,,Parsec for teams collaboration and user session management
pchelpware,PChelpware,C:\temp_phw,C:\temp_phw,Windows,Windows,,Folder that is created upon PcHelpWare execution
pdq_connect,PDQ Connect,C:\ProgramData\PDQ\PDQConnectAgent\PDQConnectAgent.db-journal,C:\ProgramData\PDQ\PDQConnectAgent\PDQConnectAgent.db-journal,Windows,Windows,,Journal file that is part of the database system used by the PDQ Connect Agent to manage and store data related to its operations
pitunnel,PiTunnel,/usr/local/bin/pitunnel,/usr/local/bin/pitunnel,Linux,Linux,,PiTunnel client binary (default install path)
pitunnel,PiTunnel,/etc/systemd/system/pitunnel.service,/etc/systemd/system/pitunnel.service,Linux,Linux,,systemd unit file for PiTunnel persistence (created when `--persist` flag is used)
radmin,RAdmin,C:\Windows\SysWOW64\rserver30\Radm_log.htm,C:\Windows\SysWOW64\rserver30\Radm_log.htm,Windows,Windows,,RAdmin log file (32-bit)
radmin,RAdmin,C:\Windows\System32\rserver30\Radm_log.htm,C:\Windows\System32\rserver30\Radm_log.htm,Windows,Windows,,RAdmin log file (64-bit)
radmin,RAdmin,C:\Windows\System32\rserver30\CHATLOGS\*\*.htm,C:\Windows\System32\rserver30\CHATLOGS\*\*.htm,Windows,Windows,,RAdmin chat logs
radmin,RAdmin,C:\Users\*\Documents\ChatLogs\*\*.htm,C:\Users\*\Documents\ChatLogs\*\*.htm,Windows,Windows,,RAdmin user chat logs
rdclient,RdClient,%APPDATA%\RdClient\*,C:\Users\*\AppData\Roaming\RdClient\*,Windows,Windows,,
remote_agent_agent,RemoteAgentAgent,C:\Program Files\RemoteAgent\RemoteAgentAgent.exe,C:\Program Files\RemoteAgent\RemoteAgentAgent.exe,Windows,Windows,,Agent executable installed by the recovered service-install script.
remote_agent_agent,RemoteAgentAgent,C:\Program Files\RemoteAgent\config.json,C:\Program Files\RemoteAgent\config.json,Windows,Windows,,Default configuration file identified in the reconstructed Python code; its path can be overridden by AGENT_CONFIG_PATH.
remote_agent_agent,RemoteAgentAgent,C:\Windows\Temp\RemoteAgent.msi,C:\Windows\Temp\RemoteAgent.msi,Windows,Windows,,Case-specific installer staging path observed before silent MSI installation.
remotely,Remotely,C:\Program Files\Remotely\Remotely_Agent.exe,C:\Program Files\Remotely\Remotely_Agent.exe,Windows,Windows,,Windows unattended agent installed by Install-Remotely.ps1 and configured as the Remotely_Service service binary.
remotely,Remotely,C:\Program Files\Remotely\Desktop\Remotely_Desktop.exe,C:\Program Files\Remotely\Desktop\Remotely_Desktop.exe,Windows,Windows,,Windows remote desktop client bundled under the Remotely installation directory.
remotely,Remotely,C:\Program Files\Remotely\ConnectionInfo.json,C:\Program Files\Remotely\ConnectionInfo.json,Windows,Windows,,"Remotely agent configuration containing device, organization, and server connection information."
remotely,Remotely,C:\Program Files\Remotely\etag.txt,C:\Program Files\Remotely\etag.txt,Windows,Windows,,ETag marker written by the Windows installer for update tracking.
remotely,Remotely,%TEMP%\Remotely_Install.txt,C:\Users\*\AppData\Local\Temp\Remotely_Install.txt,Windows,Windows,,Windows Remotely installer log path used by Install-Remotely.ps1.
remotely,Remotely,/usr/local/bin/Remotely/Remotely_Agent,/usr/local/bin/Remotely/Remotely_Agent,Linux/macOS,Linux,,Linux and macOS Remotely agent binary path used by upstream installers.
remotely,Remotely,/usr/local/bin/Remotely/Desktop/Remotely_Desktop,/usr/local/bin/Remotely/Desktop/Remotely_Desktop,Linux/macOS,Linux,,Linux and macOS remote desktop client path used by upstream installers.
remotely,Remotely,/usr/local/bin/Remotely/ConnectionInfo.json,/usr/local/bin/Remotely/ConnectionInfo.json,Linux/macOS,Linux,,Linux and macOS Remotely agent configuration file.
remotely,Remotely,/var/log/remotely/Agent_Install.log,/var/log/remotely/Agent_Install.log,Linux/macOS,Linux,,Linux and macOS installer log path used by upstream shell installers.
remotely,Remotely,/etc/systemd/system/remotely-agent.service,/etc/systemd/system/remotely-agent.service,Linux,Linux,,Linux systemd service file created by the upstream Ubuntu and Manjaro installers.
remotely,Remotely,/Library/LaunchDaemons/remotely-agent.plist,/Library/LaunchDaemons/remotely-agent.plist,macOS,MacOS,,macOS LaunchDaemon created by upstream macOS installers.
remotepulse,RemotePulse,C:\Program Files (x86)\RemotePulseAgent\InstallCore.exe,C:\Program Files (x86)\RemotePulseAgent\InstallCore.exe,Windows,Windows,,RemotePulse agent installer component observed in issue 226.
remotepulse,RemotePulse,C:\Program Files (x86)\RemotePulseAgent\agent.ps1,C:\Program Files (x86)\RemotePulseAgent\agent.ps1,Windows,Windows,,RemotePulse agent PowerShell script observed in issue 226.
remotepulse,RemotePulse,C:\Program Files (x86)\RemotePulseAgent\defender-exclude.ps1,C:\Program Files (x86)\RemotePulseAgent\defender-exclude.ps1,Windows,Windows,,RemotePulse Defender exclusion script observed in issue 226.
remotepulse,RemotePulse,C:\Program Files (x86)\RemotePulseAgent\install.ps1,C:\Program Files (x86)\RemotePulseAgent\install.ps1,Windows,Windows,,RemotePulse PowerShell installer script observed in issue 226.
remotepulse,RemotePulse,C:\Program Files (x86)\RemotePulseAgent\install.cmd,C:\Program Files (x86)\RemotePulseAgent\install.cmd,Windows,Windows,,RemotePulse command installer wrapper observed in issue 226.
remoteripple,Remote Ripple,%APPDATA%\GlavSoft\RemoteRipple\*,C:\Users\*\AppData\Roaming\GlavSoft\RemoteRipple\*,Windows,Windows,,Log files for RemoteRipple
remoteripple,Remote Ripple,%TEMP%\Remote_Ripple_*,C:\Users\*\AppData\Local\Temp\Remote_Ripple_*,Windows,Windows,,Temporary files/logs for RemoteRipple
remsupp,RemSupp,C:\Users\*\AppData\Local\Programs\RemSupp\RemSupp.exe,C:\Users\*\AppData\Local\Programs\RemSupp\RemSupp.exe,Windows,Windows,,Main RemSupp executable (Electron 36 / Chromium-based)
remsupp,RemSupp,C:\Users\*\AppData\Local\Programs\RemSupp\Uninstall RemSupp.exe,C:\Users\*\AppData\Local\Programs\RemSupp\Uninstall RemSupp.exe,Windows,Windows,,RemSupp uninstaller
remsupp,RemSupp,C:\Users\*\AppData\Roaming\Microsoft\Windows\Start Menu\Programs\RemSupp.lnk,C:\Users\*\AppData\Roaming\Microsoft\Windows\Start Menu\Programs\RemSupp.lnk,Windows,Windows,,Start menu shortcut
remsupp,RemSupp,C:\Users\*\AppData\Roaming\RemSupp\Local State,C:\Users\*\AppData\Roaming\RemSupp\Local State,Windows,Windows,,Application local state file
remsupp,RemSupp,C:\Users\*\AppData\Roaming\RemSupp\Preferences,C:\Users\*\AppData\Roaming\RemSupp\Preferences,Windows,Windows,,Application preferences file
remsupp,RemSupp,C:\Users\*\AppData\Roaming\RemSupp\chromium.log,C:\Users\*\AppData\Roaming\RemSupp\chromium.log,Windows,Windows,,Chromium log file
remsupp,RemSupp,C:\Users\*\AppData\Roaming\RemSupp\Crashpad\metadata,C:\Users\*\AppData\Roaming\RemSupp\Crashpad\metadata,Windows,Windows,,Crashpad metadata
remsupp,RemSupp,C:\Users\*\AppData\Roaming\RemSupp\Crashpad\settings.dat,C:\Users\*\AppData\Roaming\RemSupp\Crashpad\settings.dat,Windows,Windows,,Crashpad settings
remsupp,RemSupp,C:\Users\*\AppData\Roaming\RemSupp\Local Storage\leveldb\*,C:\Users\*\AppData\Roaming\RemSupp\Local Storage\leveldb\*,Windows,Windows,,Local storage LevelDB artifacts
remsupp,RemSupp,C:\Users\*\AppData\Roaming\RemSupp\sentry\queue\queue.json,C:\Users\*\AppData\Roaming\RemSupp\sentry\queue\queue.json,Windows,Windows,,Sentry queue artifact
remsupp,RemSupp,C:\Users\*\AppData\Roaming\RemSupp\sentry\scope_v3.json,C:\Users\*\AppData\Roaming\RemSupp\sentry\scope_v3.json,Windows,Windows,,Sentry scope artifact
remsupp,RemSupp,C:\Users\*\AppData\Roaming\RemSupp\sentry\session.json,C:\Users\*\AppData\Roaming\RemSupp\sentry\session.json,Windows,Windows,,Sentry session artifact
remsupp,RemSupp,C:\Users\*\AppData\Roaming\RemSupp\quitAndInstall.json,C:\Users\*\AppData\Roaming\RemSupp\quitAndInstall.json,Windows,Windows,,Updater state artifact
rg_system,RG System (RG Supervision),*\RG-Supervision\RG_Supervision.exe,*\RG-Supervision\RG_Supervision.exe,Windows,Windows,,"Product executable named in the inspected agent's copy-error string, scoped to the vendor's example installation directory; the installation path is configurable."
rg_system,RG System (RG Supervision),*\AppData\Local\Temp\rgsupv\cache\prepared,*\AppData\Local\Temp\rgsupv\cache\prepared,Windows,Windows,,Temporary cache artifact written by the inspected Windows sample in existing sandbox evidence.
rg_system,RG System (RG Supervision),/etc/init.d/rgsupv,/etc/init.d/rgsupv,Linux,Linux,,"SysV init script installed from rgsupv-init in the vendor's Linux monitoring-agent instructions; legacy documented artifact, not evidence of a current systemd unit."
rmmcrat,RMMCRAT,*\AppData\Roaming\rmm.exe,*\AppData\Roaming\rmm.exe,Windows,Windows,,Executable location observed in the intrusion; rmm.exe alone is a generic name and requires corroboration.
rmmcrat,RMMCRAT,C:\ProgramData\RMMAgent\client_id.bin,C:\ProgramData\RMMAgent\client_id.bin,Windows,Windows,,DPAPI-protected device identity documented by the reverse-engineering report under the observed enrollment directory.
rmmcrat,RMMCRAT,C:\ProgramData\RMMAgent\credentials.dat,C:\ProgramData\RMMAgent\credentials.dat,Windows,Windows,,DPAPI-protected issued agent token; enrollment data must not be included in public indicators.
rmmcrat,RMMCRAT,C:\ProgramData\RMMAgent\packages\Notepad++.exe,C:\ProgramData\RMMAgent\packages\Notepad++.exe,Windows,Windows,,Case-specific downloaded package path; the Notepad++-named task failed its integrity check before execution.
rmmmax,RMMmax,%ProgramData%\rmmmax\AgentService\RMMmaxAgentService.exe,C:\ProgramData\rmmmax\AgentService\RMMmaxAgentService.exe,Windows,Windows,,Windows service and tray UI executable; destination confirmed by the supplied Inno Setup installer.
rmmmax,RMMmax,%ProgramData%\RMMmax\AgentService\activity.log,C:\ProgramData\RMMmax\AgentService\activity.log,Windows,Windows,,Windows agent activity log path confirmed in the decompiled agent.
rmmmax,RMMmax,%SystemRoot%\Temp\rmmmax_*.ps1,C:\Windows\Temp\rmmmax_*.ps1,Windows,Windows,,Temporary PowerShell command scripts created by the Windows agent and deleted after execution.
rmmmax,RMMmax,/var/rmmmax/agentservice/rmmmax_agent.py,/var/rmmmax/agentservice/rmmmax_agent.py,Linux,Linux,,Linux agent script executed by Python 3; installed by the supplied shell installer.
rmmmax,RMMmax,/usr/local/bin/rmmmax-agent,/usr/local/bin/rmmmax-agent,Linux,Linux,,Linux CLI wrapper generated by install.sh; executes python3 with the agent script.
rmmmax,RMMmax,/etc/systemd/system/rmmmax-agent.service,/etc/systemd/system/rmmmax-agent.service,Linux,Linux,,Linux systemd unit; runs /usr/local/bin/rmmmax-agent run as root.
rmmmax,RMMmax,/var/rmmmax/agentservice/config.json,/var/rmmmax/agentservice/config.json,Linux,Linux,,Linux agent registration state and rotating authentication token.
rmmmax,RMMmax,/var/rmmmax/agentservice/activity.log,/var/rmmmax/agentservice/activity.log,Linux,Linux,,Linux agent activity log.
rmmmax,RMMmax,/Applications/RMMmax Agent.app/Contents/MacOS/RMMmax Agent,/Applications/RMMmax Agent.app/Contents/MacOS/RMMmax Agent,macOS,MacOS,,macOS UI executable confirmed by the app bundle and launchd UI plist; universal x86_64 and arm64 binary with an ad hoc signature.
rmmmax,RMMmax,/var/rmmmax/agentservice/rmmmax_agent.py,/var/rmmmax/agentservice/rmmmax_agent.py,macOS,MacOS,,macOS daemon script; launchd executes it with /usr/bin/python3 and the run argument.
rmmmax,RMMmax,/usr/local/bin/rmmmax-agent,/usr/local/bin/rmmmax-agent,macOS,MacOS,,macOS CLI wrapper generated by install.sh; executes /usr/bin/python3 with the agent script.
rmmmax,RMMmax,/Library/LaunchDaemons/com.rmmmax.agentservice.plist,/Library/LaunchDaemons/com.rmmmax.agentservice.plist,macOS,MacOS,,macOS launchd daemon configuration; starts the Python agent as root at boot.
rmmmax,RMMmax,/Library/LaunchAgents/com.rmmmax.agentui.plist,/Library/LaunchAgents/com.rmmmax.agentui.plist,macOS,MacOS,,macOS launchd UI configuration; starts RMMmax Agent with --tray at GUI login.
rmmmax,RMMmax,/var/rmmmax/agentservice/config.json,/var/rmmmax/agentservice/config.json,macOS,MacOS,,macOS agent registration state and authentication tokens.
rmmmax,RMMmax,/var/rmmmax/agentservice/state.json,/var/rmmmax/agentservice/state.json,macOS,MacOS,,macOS daemon's sanitized state file for the unprivileged UI.
rmmmax,RMMmax,/var/rmmmax/agentservice/activity.log,/var/rmmmax/agentservice/activity.log,macOS,MacOS,,macOS agent activity log.
rodexrmm,Rodex RMM,RodexAgent.exe,RodexAgent.exe,Windows,Windows,,"Rodex Go-based agent binary, ~7.3 MB. Unsigned. Multiple decoy filenames observed in the wild — match on the binary's PE version-block strings or authentihash rather than filename."
rodexrmm,Rodex RMM,C:\Windows\<random-6-9-char>.exe,C:\Windows\<random-6-9-char>.exe,Windows,Windows,,Stage-1 drop location pattern observed across multiple campaigns delivering RodexAgent.exe under random hex / lowercase filenames.
rodexrmm,Rodex RMM,<impersonated-org>Agent.exe,<impersonated-org>Agent.exe,Windows,Windows,,"Decoy installer naming pattern — RodexAgent.exe wrapped or renamed to look like a legitimate organisation's installer (PROSEGURAgent.exe, FundacinAdsisAgent.exe, Daleph-Install-Default.exe, SifemInstall.exe, AdobepluginD3238-Install-Default.exe, AccessWinRAR.exe, InvitationCard.exe observed in VirusTotal corpus)."
rustdesk,RustDesk,C:\Windows\ServiceProfiles\LocalService\AppData\Roaming\RustDesk\*,C:\Windows\ServiceProfiles\LocalService\AppData\Roaming\RustDesk\*,Windows,Windows,,N/A
screenconnect,ScreenConnect,C:\Program Files*\ScreenConnect\App_Data\Session.db,C:\Program Files*\ScreenConnect\App_Data\Session.db,Windows,Windows,,ScreenConnect session database
screenconnect,ScreenConnect,C:\Program Files*\ScreenConnect\App_Data\User.xml,C:\Program Files*\ScreenConnect\App_Data\User.xml,Windows,Windows,,ScreenConnect user configuration
screenconnect,ScreenConnect,C:\ProgramData\ScreenConnect Client*\user.config,C:\ProgramData\ScreenConnect Client*\user.config,Windows,Windows,,ScreenConnect client user configuration
setme_pro,SetMe PRO,C:\Program Files (x86)\Techinline Ltd\SetMe Unattended\Client\SetMe_Client.exe,C:\Program Files (x86)\Techinline Ltd\SetMe Unattended\Client\SetMe_Client.exe,Windows,Windows,,SetMe client executable reported in issue 231.
setme_pro,SetMe PRO,C:\Program Files (x86)\Techinline Ltd\SetMe Unattended\Module\*\tinUnattendedModule.exe,C:\Program Files (x86)\Techinline Ltd\SetMe Unattended\Module\*\tinUnattendedModule.exe,Windows,Windows,,Versioned unattended client module reported in issue 231 and confirmed by VirusTotal.
setme_pro,SetMe PRO,C:\Users\*\AppData\Local\Temp\tinClientExtractor-*\tinClientDesktopApplication.exe,C:\Users\*\AppData\Local\Temp\tinClientExtractor-*\tinClientDesktopApplication.exe,Windows,Windows,,Attended client desktop application extracted into a per-run temporary directory.
setme_pro,SetMe PRO,C:\Users\*\AppData\Local\Temp\tinClientExtractor-*\tinClientSessionManager.exe,C:\Users\*\AppData\Local\Temp\tinClientExtractor-*\tinClientSessionManager.exe,Windows,Windows,,Session manager extracted and launched by the attended client.
setme_pro,SetMe PRO,C:\ProgramData\Techinline Ltd\settings.ini*,C:\ProgramData\Techinline Ltd\settings.ini*,Windows,Windows,,SetMe client settings and lock files observed during sandbox execution.
setme_pro,SetMe PRO,C:\ProgramData\SetMe Client,C:\ProgramData\SetMe Client,Windows,Windows,,SetMe client ProgramData marker observed during sandbox execution.
setme_pro,SetMe PRO,C:\Windows\Temp\setme\Sentry\*,C:\Windows\Temp\setme\Sentry\*,Windows,Windows,,SetMe crash-reporting state created by the client.
shellhub,ShellHub,/usr/local/bin/shellhub-agent,/usr/local/bin/shellhub-agent,Linux,Linux,,ShellHub agent binary (default install path used by the vendor install.sh)
shellhub,ShellHub,/etc/shellhub-agent/agent.env,/etc/shellhub-agent/agent.env,Linux,Linux,,"ShellHub agent environment file (tenant_id, server_address, identity)"
shellhub,ShellHub,/etc/systemd/system/shellhub-agent.service,/etc/systemd/system/shellhub-agent.service,Linux,Linux,,systemd unit file for ShellHub agent persistence
simplehelp,SimpleHelp,C:\ProgramData\JWrapper-Remote Access\,C:\ProgramData\JWrapper-Remote Access\,Windows,Windows,,"Default SimpleHelp ""Remote Access"" service installation directory observed in Huntress reporting on Crazy ransomware operations."
simplehelp,SimpleHelp,%APPDATA%\JWrapper-SimpleSetup\,C:\Users\*\AppData\Roaming\JWrapper-SimpleSetup\,Windows,Windows,,"SimpleHelp customer-side setup/wrapper directory dropped by the SimpleSetup installer (e.g. windowslauncher.exe, SimpleSetupECompatibility.exe)."
splashtop,Splashtop,C:\windows\System32\winevt\Logs\Splashtop-Splashtop Streamer-Status%4Operational.evtx,C:\windows\System32\winevt\Logs\Splashtop-Splashtop Streamer-Status%4Operational.evtx,Windows,Windows,,N/A
splashtop,Splashtop,C:\windows\System32\winevt\Logs\Splashtop-Splashtop Streamer-Remote Session%4Operational.evtx,C:\windows\System32\winevt\Logs\Splashtop-Splashtop Streamer-Remote Session%4Operational.evtx,Windows,Windows,,N/A
splashtop,Splashtop,%PROGRAMDATA%\Splashtop\Temp\log\FTCLog.txt,C:\ProgramData\Splashtop\Temp\log\FTCLog.txt,Windows,Windows,,N/A
splashtop,Splashtop,C:\Program Files (x86)\Splashtop\Splashtop Remote\Server\log\agent_log.txt,C:\Program Files (x86)\Splashtop\Splashtop Remote\Server\log\agent_log.txt,Windows,Windows,,N/A
splashtop,Splashtop,C:\Program Files (x86)\Splashtop\Splashtop Remote\Server\log\SPLog.txt,C:\Program Files (x86)\Splashtop\Splashtop Remote\Server\log\SPLog.txt,Windows,Windows,,N/A
splashtop,Splashtop,C:\Program Files (x86)\Splashtop\Splashtop Remote\Server\log\svcinfo.txt,C:\Program Files (x86)\Splashtop\Splashtop Remote\Server\log\svcinfo.txt,Windows,Windows,,N/A
splashtop,Splashtop,C:\Program Files (x86)\Splashtop\Splashtop Remote\Server\log\sysinfo.txt,C:\Program Files (x86)\Splashtop\Splashtop Remote\Server\log\sysinfo.txt,Windows,Windows,,N/A
splashtop,Splashtop,C:\Program Files (x86)\Splashtop\Splashtop Remote\Server\SRService.exe,C:\Program Files (x86)\Splashtop\Splashtop Remote\Server\SRService.exe,Windows,Windows,,Splashtop Remote Service
splashtop,Splashtop,C:\Program Files (x86)\Splashtop\Splashtop Remote\Server\SRAgent.exe,C:\Program Files (x86)\Splashtop\Splashtop Remote\Server\SRAgent.exe,Windows,Windows,,SplashTop Remote Agent
splashtop,Splashtop,C:\Program Files (x86)\Splashtop\Splashtop Software Updater\SSUAgent.exe,C:\Program Files (x86)\Splashtop\Splashtop Software Updater\SSUAgent.exe,Windows,Windows,,Splashtop Updater
splashtop,Splashtop,C:\Program Files (x86)\Splashtop\Splashtop Remote\Server\SRUtility.exe,C:\Program Files (x86)\Splashtop\Splashtop Remote\Server\SRUtility.exe,Windows,Windows,,N/A
splashtop,Splashtop,C:\Program Files (x86)\Splashtop\Splashtop Remote\Server\SRFeature.exe,C:\Program Files (x86)\Splashtop\Splashtop Remote\Server\SRFeature.exe,Windows,Windows,,N/A
splashtop,Splashtop,C:\Program Files (x86)\Splashtop\Splashtop Remote\Server\db\SRAgent.sqlite3,C:\Program Files (x86)\Splashtop\Splashtop Remote\Server\db\SRAgent.sqlite3,Windows,Windows,,N/A
teamviewer,TeamViewer,C:\Users\<username>\AppData\Local\Temp\TeamViewer\TV15Install.log,C:\Users\<username>\AppData\Local\Temp\TeamViewer\TV15Install.log,Windows,Windows,,N/A
teamviewer,TeamViewer,TeamViewer\d\d_Logfile\.log,TeamViewer\d\d_Logfile\.log,Windows,Windows,Regex,N/A
teamviewer,TeamViewer,C:\Program Files\TeamViewer\Connections_incoming.txt,C:\Program Files\TeamViewer\Connections_incoming.txt,Windows,Windows,,N/A
teamviewer,TeamViewer,C:\Program Files\TeamViewer\TVNetwork.log,C:\Program Files\TeamViewer\TVNetwork.log,Windows,Windows,,N/A
teamviewer,TeamViewer,%LOCALAPPDATA%\Temp\TeamViewer\TV15Install.log,C:\Users\*\AppData\Local\Temp\TeamViewer\TV15Install.log,Windows,Windows,,N/A
teamviewer,TeamViewer,%APPDATA%\\TeamViewer\\TeamViewer\d\d_Logfile\.log,C:\Users\*\AppData\Roaming\\TeamViewer\\TeamViewer\d\d_Logfile\.log,Windows,Windows,Regex,N/A
teamviewer,TeamViewer,teamviewerqs.exe,teamviewerqs.exe,Windows,Windows,,N/A
teamviewer,TeamViewer,tv_w32.exe,tv_w32.exe,Windows,Windows,,N/A
teamviewer,TeamViewer,tv_w64.exe,tv_w64.exe,Windows,Windows,,N/A
teamviewer,TeamViewer,tv_x64.exe,tv_x64.exe,Windows,Windows,,N/A
teamviewer,TeamViewer,teamviewer.exe,teamviewer.exe,Windows,Windows,,N/A
teamviewer,TeamViewer,teamviewer_service.exe,teamviewer_service.exe,Windows,Windows,,N/A
teamviewer,TeamViewer,%LOCALAPPDATA%\TeamViewer\Database\tvchatfilecache.db,C:\Users\*\AppData\Local\TeamViewer\Database\tvchatfilecache.db,Windows,Windows,,SQlite 3 database storing cache about TeamViewer chat
teamviewer,TeamViewer,%LOCALAPPDATA%\TeamViewer\RemotePrinting\tvprint.db,C:\Users\*\AppData\Local\TeamViewer\RemotePrinting\tvprint.db,Windows,Windows,,SQlite 3 database storing TeamViewer print jobs
teamviewer,TeamViewer,%PROGRAMDATA%\Microsoft\Windows\Start Menu\Programs\TeamViewer.lnk,C:\ProgramData\Microsoft\Windows\Start Menu\Programs\TeamViewer.lnk,Windows,Windows,,N/A
teamviewer,TeamViewer,C:\Program Files*\TeamViewer\connections*.txt,C:\Program Files*\TeamViewer\connections*.txt,Windows,Windows,,N/A
teamviewer,TeamViewer,C:\Users\*\AppData\Roaming\TeamViewer\MRU\RemoteSupport\*tvc,C:\Users\*\AppData\Roaming\TeamViewer\MRU\RemoteSupport\*tvc,Windows,Windows,,N/A
teleport_connect,Teleport Connect,C:\Program Files\Teleport Connect\Teleport Connect.exe,C:\Program Files\Teleport Connect\Teleport Connect.exe,Windows,Windows,,Main executable in a per-machine Windows installation.
teleport_connect,Teleport Connect,C:\Program Files\Teleport Connect\resources\bin\tsh.exe,C:\Program Files\Teleport Connect\resources\bin\tsh.exe,Windows,Windows,,Bundled tsh client in a per-machine Windows installation.
teleport_connect,Teleport Connect,C:\Users\*\AppData\Local\Programs\Teleport Connect\Teleport Connect.exe,C:\Users\*\AppData\Local\Programs\Teleport Connect\Teleport Connect.exe,Windows,Windows,,Main executable in a per-user Windows installation.
teleport_connect,Teleport Connect,C:\Users\*\AppData\Local\Programs\Teleport Connect\resources\bin\tsh.exe,C:\Users\*\AppData\Local\Programs\Teleport Connect\resources\bin\tsh.exe,Windows,Windows,,Bundled tsh client in a per-user Windows installation.
teleport_connect,Teleport Connect,C:\Users\*\AppData\Roaming\Teleport Connect\app_state.json,C:\Users\*\AppData\Roaming\Teleport Connect\app_state.json,Windows,Windows,,Teleport Connect application state.
teleport_connect,Teleport Connect,C:\Users\*\AppData\Roaming\Teleport Connect\app_config.json,C:\Users\*\AppData\Roaming\Teleport Connect\app_config.json,Windows,Windows,,Teleport Connect application configuration.
teleport_connect,Teleport Connect,C:\Users\*\AppData\Roaming\Teleport Connect\certs\tshd.crt,C:\Users\*\AppData\Roaming\Teleport Connect\certs\tshd.crt,Windows,Windows,,Ephemeral certificate used for local tsh daemon communication.
teleport_connect,Teleport Connect,C:\Users\*\AppData\Roaming\Teleport Connect\logs\*,C:\Users\*\AppData\Roaming\Teleport Connect\logs\*,Windows,Windows,,Teleport Connect application logs.
teleport_connect,Teleport Connect,C:\ProgramData\TeleportConnectUpdater\*,C:\ProgramData\TeleportConnectUpdater\*,Windows,Windows,,Staging directory used by the privileged updater service.
teleport_connect,Teleport Connect,/Applications/Teleport Connect.app/Contents/MacOS/Teleport Connect,/Applications/Teleport Connect.app/Contents/MacOS/Teleport Connect,macOS,MacOS,,Main macOS application executable.
teleport_connect,Teleport Connect,/Applications/Teleport Connect.app/Contents/MacOS/tsh.app/Contents/MacOS/tsh,/Applications/Teleport Connect.app/Contents/MacOS/tsh.app/Contents/MacOS/tsh,macOS,MacOS,,Bundled tsh client on macOS.
teleport_connect,Teleport Connect,/Users/*/Library/Application Support/Teleport Connect/app_state.json,/Users/*/Library/Application Support/Teleport Connect/app_state.json,macOS,MacOS,,Teleport Connect application state on macOS.
teleport_connect,Teleport Connect,/Users/*/Library/Application Support/Teleport Connect/app_config.json,/Users/*/Library/Application Support/Teleport Connect/app_config.json,macOS,MacOS,,Teleport Connect application configuration on macOS.
teleport_connect,Teleport Connect,/Users/*/Library/Application Support/Teleport Connect/certs/tshd.crt,/Users/*/Library/Application Support/Teleport Connect/certs/tshd.crt,macOS,MacOS,,Ephemeral certificate used for local tsh daemon communication.
teleport_connect,Teleport Connect,/Users/*/Library/Application Support/Teleport Connect/logs/*,/Users/*/Library/Application Support/Teleport Connect/logs/*,macOS,MacOS,,Teleport Connect application logs on macOS.
teleport_connect,Teleport Connect,/opt/Teleport Connect/teleport-connect,/opt/Teleport Connect/teleport-connect,Linux,Linux,,Main Teleport Connect executable installed from a Linux package.
teleport_connect,Teleport Connect,/opt/Teleport Connect/resources/bin/tsh,/opt/Teleport Connect/resources/bin/tsh,Linux,Linux,,Bundled tsh client on Linux.
teleport_connect,Teleport Connect,/usr/share/applications/teleport-connect.desktop,/usr/share/applications/teleport-connect.desktop,Linux,Linux,,Desktop entry installed by the Linux package.
teleport_connect,Teleport Connect,/home/*/.config/Teleport Connect/app_state.json,/home/*/.config/Teleport Connect/app_state.json,Linux,Linux,,Teleport Connect application state on Linux.
teleport_connect,Teleport Connect,/home/*/.config/Teleport Connect/app_config.json,/home/*/.config/Teleport Connect/app_config.json,Linux,Linux,,Teleport Connect application configuration on Linux.
teleport_connect,Teleport Connect,/home/*/.config/Teleport Connect/certs/tshd.crt,/home/*/.config/Teleport Connect/certs/tshd.crt,Linux,Linux,,Ephemeral certificate used for local tsh daemon communication.
teleport_connect,Teleport Connect,/home/*/.config/Teleport Connect/logs/*,/home/*/.config/Teleport Connect/logs/*,Linux,Linux,,Teleport Connect application logs on Linux.
teleport_connect,Teleport Connect,/home/*/.cache/Teleport Connect/teleport/teleport,/home/*/.cache/Teleport Connect/teleport/teleport,Linux,Linux,,Cached Connect My Computer agent binary on Linux.
teleport_connect,Teleport Connect,/usr/local/bin/tsh,/usr/local/bin/tsh,Linux,Linux,,Symlink to the bundled tsh client created during Linux installation.
teramind,Teramind,C:\ProgramData\{4CEC2908-5CE4-48F0-A717-8FC833D8017A}\*,C:\ProgramData\{4CEC2908-5CE4-48F0-A717-8FC833D8017A}\*,Windows,Windows,,Teramind Hidden / Stealth agent root install directory; named with a fixed product GUID. Vendor docs explicitly call this the verification path for confirming hidden-agent installation. Override via TMROOTDIR installer parameter.
teramind,Teramind,C:\ProgramData\{4CEC2908-5CE4-48F0-A717-8FC833D8017A}\config,C:\ProgramData\{4CEC2908-5CE4-48F0-A717-8FC833D8017A}\config,Windows,Windows,,Teramind Hidden agent configuration directory
teramind,Teramind,C:\ProgramData\{4CEC2908-5CE4-48F0-A717-8FC833D8017A}\updates\rundll32.exe.config,C:\ProgramData\{4CEC2908-5CE4-48F0-A717-8FC833D8017A}\updates\rundll32.exe.config,Windows,Windows,,"Teramind agent update staging artifact (.NET app.config sidecar) — directly observed as a Teramind-domain downloaded file in VirusTotal infrastructure data; the rundll32.exe filename is the renamed updater binary, not the legitimate Microsoft rundll32."
teramind,Teramind,C:\ProgramData\Teramind Agent\*,C:\ProgramData\Teramind Agent\*,Windows,Windows,,Teramind Revealed agent root install directory (typical install layout)
teramind,Teramind,C:\ProgramData\Teramind Agent\config,C:\ProgramData\Teramind Agent\config,Windows,Windows,,Teramind Revealed agent configuration directory
teramind,Teramind,C:\ProgramData\Teramind Agent\<version>\{6D99445F-F40F-45CB-B433-06302DAE6C70}\tmagentsvc.exe,C:\ProgramData\Teramind Agent\<version>\{6D99445F-F40F-45CB-B433-06302DAE6C70}\tmagentsvc.exe,Windows,Windows,,"Teramind agent Windows service binary; vendor-documented exact image path (version directory varies by release, e.g. 24.12.0). Invoked with --service / -service."
teramind,Teramind,C:\ProgramData\Package Cache\.unverified\agent,C:\ProgramData\Package Cache\.unverified\agent,Windows,Windows,,WiX bundle cache copy of the Teramind agent MSI; observed across multiple Teramind MSI submissions in VirusTotal infrastructure data.
teramind,Teramind,teramind_agent_*_bundle_noredist_setup.msi,teramind_agent_*_bundle_noredist_setup.msi,Windows,Windows,,"Teramind agent installer MSI; vendor enforces a fixed filename pattern and refuses to run if renamed. Observed signed variants include teramind_agent_v25.34.2799_bundle_noredist_setup.msi, teramind_agent_v25.31.2935_bundle_noredist_setup.msi, teramind_agent_v24.13.19_bundle_noredist_setup.msi, teramind_agent_v26.8.183_bundle_noredist_setup.msi."
teramind,Teramind,teramind_agent_*_x64.msi,teramind_agent_*_x64.msi,Windows,Windows,,"Teramind agent installer MSI (x64 variant) — observed naming pattern teramind_agent_x64.msi, teramind_agent_v5.0.0_x64.msi, teramind_agent_x64_s-i(__<hash>).msi where the trailing parenthesised value is the per-tenant install identifier."
teramind,Teramind,teramind_agent_*_ARM64.msi,teramind_agent_*_ARM64.msi,Windows,Windows,,"Teramind agent installer MSI (ARM64) — observed signed variants include teramind_agent_v26.8.183_ARM64.msi, teramind_agent_v26.8.183_ARM64_popup.msi, teramind_agent_v26.8.183_bundle_drivers_ARM64.msi."
teramind,Teramind,tmagent-i(__<hash>).pkg,tmagent-i(__<hash>).pkg,MacOS,MacOS,,Teramind macOS agent PKG installer; vendor enforces a fixed filename pattern. Per-tenant identifier embedded as -i(__<hash>); renamed installers are rejected.
teramind,Teramind,teramind_agent_*_hidden-do(<domain>).pkg,teramind_agent_*_hidden-do(<domain>).pkg,MacOS,MacOS,,"Teramind macOS hidden-agent PKG installer with the deployment-domain installer parameter -do(<tenant>) baked into the filename, e.g. teramind_agent_v1.235.4632_hidden-do(acme.com).pkg"
teramind,Teramind,/usr/local/teramind/agent/bin/tmsysd,/usr/local/teramind/agent/bin/tmsysd,MacOS,MacOS,,Teramind macOS agent daemon binary
teramind,Teramind,/usr/local/teramind/agent/etc/,/usr/local/teramind/agent/etc/,MacOS,MacOS,,Teramind macOS agent configuration directory
teramind,Teramind,/Applications/Teramind Agent.app,/Applications/Teramind Agent.app,MacOS,MacOS,,Teramind Revealed macOS agent app bundle
teramind,Teramind,/Applications/tmagent.app,/Applications/tmagent.app,MacOS,MacOS,,Teramind Hidden macOS agent app bundle
teramind,Teramind,tmui,tmui,MacOS,MacOS,,Teramind Revealed-agent macOS UI component
teramind,Teramind,Teramind.Setup.Updater.exe,Teramind.Setup.Updater.exe,Windows,Windows,,"Teramind agent updater shim binary (.NET, signed by Teramind Inc.); contacts https://www.teramind.co/d/check?v=<version>&s=1&arch=<arch> on launch and downloads update-shim.exe from https://www.teramind.co/d/update-shim.exe"
teramind,Teramind,tmdiag.zip,tmdiag.zip,Windows,Windows,,Teramind diagnostic-bundle archive served from teramind.co; collected by the agent for vendor support
tiflux,TiFLUX,C:\Program Files (x86)\TiFLUX\TiService.exe,C:\Program Files (x86)\TiFLUX\TiService.exe,Windows,Windows,,TiFLUX SYSTEM service binary; persists agent and re-spawns helpers
tiflux,TiFLUX,C:\Program Files (x86)\TiFLUX\TiUpdateService.exe,C:\Program Files (x86)\TiFLUX\TiUpdateService.exe,Windows,Windows,,TiFLUX updater service binary
tiflux,TiFLUX,C:\Program Files (x86)\TiFLUX\TiUpdateService.exe.config,C:\Program Files (x86)\TiFLUX\TiUpdateService.exe.config,Windows,Windows,,Updater service .NET config file
tiflux,TiFLUX,C:\Program Files (x86)\TiFLUX\si.exe,C:\Program Files (x86)\TiFLUX\si.exe,Windows,Windows,,Silent helper launched from cmd.exe /c start /MIN by the service
tiflux,TiFLUX,C:\Program Files (x86)\TiFLUX\si.pdb,C:\Program Files (x86)\TiFLUX\si.pdb,Windows,Windows,,PDB symbol file shipped alongside si.exe (information disclosure)
tiflux,TiFLUX,C:\Program Files (x86)\TiFLUX\TiUpdateService.pdb,C:\Program Files (x86)\TiFLUX\TiUpdateService.pdb,Windows,Windows,,PDB symbol file shipped alongside TiUpdateService.exe
tiflux,TiFLUX,C:\Program Files (x86)\TiFLUX\desktop\TiAgent.exe,C:\Program Files (x86)\TiFLUX\desktop\TiAgent.exe,Windows,Windows,,TiAgent user-mode tray application
tiflux,TiFLUX,C:\Program Files (x86)\TiFLUX\desktop\TiAgent.exe.config,C:\Program Files (x86)\TiFLUX\desktop\TiAgent.exe.config,Windows,Windows,,TiAgent .NET config file
tiflux,TiFLUX,C:\Program Files (x86)\TiFLUX\desktop\TiAgent.pdb,C:\Program Files (x86)\TiFLUX\desktop\TiAgent.pdb,Windows,Windows,,PDB symbol file shipped alongside TiAgent.exe
tiflux,TiFLUX,C:\Program Files (x86)\TiFLUX\desktop\en\TiAgent.resources.dll,C:\Program Files (x86)\TiFLUX\desktop\en\TiAgent.resources.dll,Windows,Windows,,TiAgent localized resources (English)
tiflux,TiFLUX,C:\Program Files (x86)\TiFLUX\desktop\pt-BR\TiAgent.resources.dll,C:\Program Files (x86)\TiFLUX\desktop\pt-BR\TiAgent.resources.dll,Windows,Windows,,TiAgent localized resources (Brazilian Portuguese)
tiflux,TiFLUX,C:\Program Files (x86)\TiFLUX\desktop\es\TiAgent.resources.dll,C:\Program Files (x86)\TiFLUX\desktop\es\TiAgent.resources.dll,Windows,Windows,,TiAgent localized resources (Spanish)
tiflux,TiFLUX,C:\Program Files (x86)\TiFLUX\dependencies\ultravnc\*,C:\Program Files (x86)\TiFLUX\dependencies\ultravnc\*,Windows,Windows,,"Bundled UltraVNC redistributable used for inbound remote control (WinVNC.exe, VNCHooks.dll, uvnc_set.exe, uvnckeyboardhelper.exe, setupdrvmv.exe observed as bundled files in the TiFLUX MSI; subdirectory layout below)"
tiflux,TiFLUX,C:\Program Files (x86)\TiFLUX\dependencies\ultravnc\driver\xp64\driver\mv2.dll,C:\Program Files (x86)\TiFLUX\dependencies\ultravnc\driver\xp64\driver\mv2.dll,Windows,Windows,,Bundled UltraVNC mirror driver helper (directly observed install path)
tiflux,TiFLUX,C:\Program Files (x86)\TiFLUX\dependencies\7zip\7z.exe,C:\Program Files (x86)\TiFLUX\dependencies\7zip\7z.exe,Windows,Windows,,Bundled 7-Zip CLI used by the agent for extraction tasks
tiflux,TiFLUX,C:\Program Files (x86)\TiFLUX\dependencies\7zip\7z.dll,C:\Program Files (x86)\TiFLUX\dependencies\7zip\7z.dll,Windows,Windows,,Bundled 7-Zip library
tiflux,TiFLUX,C:\Program Files (x86)\TiFLUX\dependencies\7zip\7zCon.sfx,C:\Program Files (x86)\TiFLUX\dependencies\7zip\7zCon.sfx,Windows,Windows,,Bundled 7-Zip console SFX module
tiflux,TiFLUX,C:\Program Files (x86)\TiFLUX\dependencies\tar\tar.exe,C:\Program Files (x86)\TiFLUX\dependencies\tar\tar.exe,Windows,Windows,,Bundled GNU tar binary
tiflux,TiFLUX,C:\Program Files (x86)\TiFLUX\dependencies\tar\libiconv-2.dll,C:\Program Files (x86)\TiFLUX\dependencies\tar\libiconv-2.dll,Windows,Windows,,Dependency of bundled tar.exe
tiflux,TiFLUX,C:\Program Files (x86)\TiFLUX\dependencies\tar\libintl-2.dll,C:\Program Files (x86)\TiFLUX\dependencies\tar\libintl-2.dll,Windows,Windows,,Dependency of bundled tar.exe
tiflux,TiFLUX,C:\Program Files (x86)\TiFLUX\dependencies\sas_generation.reg,C:\Program Files (x86)\TiFLUX\dependencies\sas_generation.reg,Windows,Windows,,Registry payload imported during install (SAS generation)
tiflux,TiFLUX,C:\Program Files (x86)\TiFLUX\dependencies\sas_registry.reg,C:\Program Files (x86)\TiFLUX\dependencies\sas_registry.reg,Windows,Windows,,Registry payload imported during install (SAS registry)
tiflux,TiFLUX,C:\Program Files (x86)\TiFLUX\dependencies\sshHostKey.reg,C:\Program Files (x86)\TiFLUX\dependencies\sshHostKey.reg,Windows,Windows,,Registry payload imported during install (SSH host key)
tiflux,TiFLUX,C:\Program Files (x86)\TiFLUX\dependencies\safemode_reboot.reg,C:\Program Files (x86)\TiFLUX\dependencies\safemode_reboot.reg,Windows,Windows,,Registry payload imported during install (Safe Mode reboot helper)
tiflux,TiFLUX,C:\Program Files (x86)\TiFLUX\scripts\README,C:\Program Files (x86)\TiFLUX\scripts\README,Windows,Windows,,Bundled scripts README
tiflux,TiFLUX,%ProgramData%\Tiflux\*,C:\ProgramData\Tiflux\*,Windows,Windows,,TiFLUX runtime data / logs directory; referenced in vendor uninstall guidance
tmate,tmate,/tmp/tmate*,/tmp/tmate*,Linux,Linux,,tmate socket files for terminal sharing sessions
tmate,tmate,~/.tmate.conf,~/.tmate.conf,Linux,Linux,,tmate configuration file
tmate,tmate,tmate.sock,tmate.sock,Linux,Linux,,tmate socket file for session communication
tmate,tmate,tmate-ready,tmate-ready,Linux,Linux,,tmate readiness indicator file
tmate,tmate,tmate.bashrc,tmate.bashrc,Linux,Linux,,tmate bash configuration file
trustconnect,TrustConnect,C:\Program Files\TrustConnect Agent\TrustConnectAgent.exe,C:\Program Files\TrustConnect Agent\TrustConnectAgent.exe,Windows,Windows,,TrustConnect Agent service binary (default install path)
trustconnect,TrustConnect,C:\Program Files\TrustConnect Agent\config.json,C:\Program Files\TrustConnect Agent\config.json,Windows,Windows,,TrustConnect Agent configuration file written at install
trustconnect,TrustConnect,C:\ProgramData\TrustConnect\*\config.json,C:\ProgramData\TrustConnect\*\config.json,Windows,Windows,,Per-token agent configuration (token subdirectory maps victim to operator org ID)
trustconnect,TrustConnect,C:\ProgramData\TrustConnect\*\device.id,C:\ProgramData\TrustConnect\*\device.id,Windows,Windows,,36-byte device GUID file used for C2 registration
unisystem,UniSystem RMM,UniRMM.exe,UniRMM.exe,Windows,Windows,,Windows UniSystem RMM agent filename from reviewed PE metadata.
unisystem,UniSystem RMM,UniRMM.msi,UniRMM.msi,Windows,Windows,,Windows installer filename described by the vendor product site.
veyon,Veyon,C:\Windows\Temp\VeyonServer.log,C:\Windows\Temp\VeyonServer.log,Windows,Windows,,VeyonServer log file
veyon,Veyon,C:\Windows\Temp\VeyonService.log,C:\Windows\Temp\VeyonService.log,Windows,Windows,,VeyonService log file
veyon,Veyon,C:\Users\*\AppData\Local\VeyonCLI.log,C:\Users\*\AppData\Local\VeyonCLI.log,Windows,Windows,,Veyon command-line interface utility log
vizor,VIZOR,C:\Program Files (x86)\Vector\Asset Management Client\CLBOOT32.EXE,C:\Program Files (x86)\Vector\Asset Management Client\CLBOOT32.EXE,Windows,Windows,,"Vector Asset Management Client v6.0 main launcher binary (per Vector Asset Management Client v6.0 advanceduninstaller.com listing — install path ""C:\Program Files (x86)\Vector\Asset Management Client"", uninstall ProductCode {04821777-1FD1-4C1A-AC4D-BF5D4D53C34C})"
vizor,VIZOR,C:\Program Files\Vector\Asset Management Client\CLBOOT32.EXE,C:\Program Files\Vector\Asset Management Client\CLBOOT32.EXE,Windows,Windows,,"Vector Asset Management Client v5.7 main launcher binary (per Vector Asset Management Client v5.7 advanceduninstaller.com listing — install path ""C:\Program Files\Vector\Asset Management Client"", uninstall ProductCode {A40A237D-C090-4C05-8580-9DBECFE3602B})"
vizor,VIZOR,C:\Program Files (x86)\Vector\Asset Management Client\CLDIST32.EXE,C:\Program Files (x86)\Vector\Asset Management Client\CLDIST32.EXE,Windows,Windows,,Vector Asset Management Client distribution / push-deployment binary
vizor,VIZOR,C:\Program Files (x86)\Vector\Asset Management Client\CLDISTSVC.EXE,C:\Program Files (x86)\Vector\Asset Management Client\CLDISTSVC.EXE,Windows,Windows,,LANutil32 Distribution Agent — Windows service binary (software-distribution side of the Vector Asset Management Client)
vizor,VIZOR,C:\Program Files (x86)\Vector\Asset Management Client\clMeter32.exe,C:\Program Files (x86)\Vector\Asset Management Client\clMeter32.exe,Windows,Windows,,Vector Asset Management software-metering client
vizor,VIZOR,C:\Program Files (x86)\Vector\Asset Management Client\clMeterSvc.exe,C:\Program Files (x86)\Vector\Asset Management Client\clMeterSvc.exe,Windows,Windows,,Vector Asset Management software-metering Windows service
vizor,VIZOR,C:\Program Files (x86)\Vector\Asset Management Client\HTTPGet.exe,C:\Program Files (x86)\Vector\Asset Management Client\HTTPGet.exe,Windows,Windows,,Vector Asset Management HTTP download helper
vizor,VIZOR,C:\Program Files (x86)\Vector\Asset Management Client\HTTPPush.exe,C:\Program Files (x86)\Vector\Asset Management Client\HTTPPush.exe,Windows,Windows,,Vector Asset Management HTTP upload helper used to push inventory to the Vector Discovery Server / IIS endpoint
vizor,VIZOR,C:\Program Files (x86)\Vector\Asset Management Client\WINCHK32.EXE,C:\Program Files (x86)\Vector\Asset Management Client\WINCHK32.EXE,Windows,Windows,,Vector Asset Management Windows-side inventory collector (consumes winchk.dat per VirusTotal Cuckoofork sandbox observation of the parent CLBOOT32.EXE)
vizor,VIZOR,C:\Program Files (x86)\Vector\Asset Management Client\regapps.exe,C:\Program Files (x86)\Vector\Asset Management Client\regapps.exe,Windows,Windows,,Vector Asset Management installed-applications registry collector
vizor,VIZOR,C:\Program Files (x86)\Vector\Asset Management Client\lutinfow32.exe,C:\Program Files (x86)\Vector\Asset Management Client\lutinfow32.exe,Windows,Windows,,"Vector Asset Management hardware/software info collector (LANutil32 info utility, x86 build)"
vizor,VIZOR,C:\Program Files (x86)\Vector\Asset Management Client\LuSMBIOS32.exe,C:\Program Files (x86)\Vector\Asset Management Client\LuSMBIOS32.exe,Windows,Windows,,Vector Asset Management SMBIOS interrogation utility (LANutil32 SMBIOS reader)
vizor,VIZOR,C:\Program Files (x86)\Vector\Asset Management Client\LuLogon.exe,C:\Program Files (x86)\Vector\Asset Management Client\LuLogon.exe,Windows,Windows,,Vector Asset Management logon-time helper
vizor,VIZOR,C:\Program Files (x86)\Vector\Asset Management Client\LUGuard.exe,C:\Program Files (x86)\Vector\Asset Management Client\LUGuard.exe,Windows,Windows,,Vector Asset Management watchdog / guard utility
vizor,VIZOR,C:\Program Files (x86)\Vector\Asset Management Client\LUEDIT.EXE,C:\Program Files (x86)\Vector\Asset Management Client\LUEDIT.EXE,Windows,Windows,,Vector Asset Management editor utility
vizor,VIZOR,C:\Program Files (x86)\Vector\Asset Management Client\SelfUpdater.exe,C:\Program Files (x86)\Vector\Asset Management Client\SelfUpdater.exe,Windows,Windows,,Vector Asset Management Client self-update binary
vizor,VIZOR,C:\Program Files (x86)\Vector\Asset Management Client\VnlSelfUpdate.exe,C:\Program Files (x86)\Vector\Asset Management Client\VnlSelfUpdate.exe,Windows,Windows,,Vector Asset Management Client self-update orchestrator
vizor,VIZOR,C:\Program Files (x86)\Vector\Asset Management Client\VNLDriverInstaller.exe,C:\Program Files (x86)\Vector\Asset Management Client\VNLDriverInstaller.exe,Windows,Windows,,Vector Asset Management driver installation helper
vizor,VIZOR,C:\Program Files (x86)\Vector\Asset Management Client\PidUpdater.exe,C:\Program Files (x86)\Vector\Asset Management Client\PidUpdater.exe,Windows,Windows,,Vector Asset Management product-ID / inventory updater
vizor,VIZOR,C:\Program Files (x86)\Vector\Asset Management Client\cpuchk.exe,C:\Program Files (x86)\Vector\Asset Management Client\cpuchk.exe,Windows,Windows,,Vector Asset Management CPU detection helper
vizor,VIZOR,C:\Program Files (x86)\Vector\Asset Management Client\upload.exe,C:\Program Files (x86)\Vector\Asset Management Client\upload.exe,Windows,Windows,,Vector Asset Management generic upload helper
vizor,VIZOR,C:\Program Files (x86)\Vector\Asset Management Client\NUKE32.EXE,C:\Program Files (x86)\Vector\Asset Management Client\NUKE32.EXE,Windows,Windows,,Vector Asset Management cleanup / uninstall helper
vizor,VIZOR,C:\Program Files (x86)\Vector\Asset Management Client\Recycler.exe,C:\Program Files (x86)\Vector\Asset Management Client\Recycler.exe,Windows,Windows,,Vector Asset Management Client recycler / queue processor
vizor,VIZOR,C:\Program Files (x86)\Vector\Asset Management Client\closeapp.exe,C:\Program Files (x86)\Vector\Asset Management Client\closeapp.exe,Windows,Windows,,Vector Asset Management helper that closes running applications (e.g. before software distribution)
vizor,VIZOR,C:\Program Files (x86)\Vector\Asset Management Client\VECWAIT.EXE,C:\Program Files (x86)\Vector\Asset Management Client\VECWAIT.EXE,Windows,Windows,,Vector Asset Management wait / synchronisation helper
vizor,VIZOR,C:\Program Files (x86)\Vector\Asset Management Client\Prep64.exe,C:\Program Files (x86)\Vector\Asset Management Client\Prep64.exe,Windows,Windows,,Vector Asset Management 64-bit preparation helper
vizor,VIZOR,C:\Program Files\Vector Networks Limited\LANutil32 Suite\clboot32.exe,C:\Program Files\Vector Networks Limited\LANutil32 Suite\clboot32.exe,Windows,Windows,,Legacy LANutil32 Suite install path (predecessor branding for the same Vector Networks discovery client — observed via Windows file databases)
vizor,VIZOR,C:\luhboot.bat,C:\luhboot.bat,Windows,Windows,,LANutil32 Suite boot-time batch (observed dropped to root by CLBOOT32.EXE in VirusTotal Cuckoofork sandbox runs)
vizor,VIZOR,C:\winchk.dat,C:\winchk.dat,Windows,Windows,,Vector Asset Management Windows inventory data file consumed by winchk32.exe (observed at C:\winchk.dat in VirusTotal Cuckoofork sandbox runs)
vizor,VIZOR,C:\LUCLIENT.INI,C:\LUCLIENT.INI,Windows,Windows,,Vector Asset Management Client configuration INI file (observed accessed by CLBOOT32.EXE in VirusTotal Cuckoofork sandbox runs)
vizor,VIZOR,C:\LUCLIENT.MOD,C:\LUCLIENT.MOD,Windows,Windows,,Vector Asset Management Client module file (observed accessed by CLBOOT32.EXE in VirusTotal Cuckoofork sandbox runs)
zecurit,Zecurit,*\Zecurit\Agent\ZecuritAgentService.exe,*\Zecurit\Agent\ZecuritAgentService.exe,Windows,Windows,,Windows management service executable included in the extracted agent archive.
zecurit,Zecurit,*\Zecurit\Agent\ZecuritAgentRegister.exe,*\Zecurit\Agent\ZecuritAgentRegister.exe,Windows,Windows,,Agent registration executable invoked by the installer helper.
zecurit,Zecurit,*\Zecurit\Agent\ZecuritRemoteTools.exe,*\Zecurit\Agent\ZecuritRemoteTools.exe,Windows,Windows,,Remote-tools component included in the extracted Windows agent archive.
zecurit,Zecurit,*\Zecurit\Agent\ZecuritScreenReaderService.exe,*\Zecurit\Agent\ZecuritScreenReaderService.exe,Windows,Windows,,Remote-access service component included in the extracted Windows agent archive.
zecurit,Zecurit,*\Zecurit\Agent\Logs\agent_service.log,*\Zecurit\Agent\Logs\agent_service.log,Windows,Windows,,Windows agent service log observed under the installed agent directory.
zecurit,Zecurit,*\Zecurit\Agent\Logs\agent_cmd_handler.log,*\Zecurit\Agent\Logs\agent_cmd_handler.log,Windows,Windows,,Command-handler log observed under the installed agent directory.
zecurit,Zecurit,*\Zecurit\Agent\Storage\AgentSettings.json,*\Zecurit\Agent\Storage\AgentSettings.json,Windows,Windows,,Agent settings file referenced by the service and observed in execution reports.
zecurit,Zecurit,*\Zecurit\ZecuritAgentUpgrader.exe,*\Zecurit\ZecuritAgentUpgrader.exe,Windows,Windows,,Agent upgrade executable staged beneath the Windows temporary directory.
zecurit,Zecurit,*\Zecurit\zecurit_windows_agent.exe,*\Zecurit\zecurit_windows_agent.exe,Windows,Windows,,Downloaded update installer observed with /SILENT /NORESTART arguments.
zecurit,Zecurit,*\ZecuritAgentInstaller.msi,*\ZecuritAgentInstaller.msi,Windows,Windows,,Embedded Windows installer package extracted by the reported Inno Setup wrapper.
zecurit,Zecurit,/usr/local/zecurit_agent/bin/agentService,/usr/local/zecurit_agent/bin/agentService,Linux,Linux,,Linux agent executable. The packaged systemd unit runs it with -s as root and Restart=always. Path confirmed in the 2.48 package.
zecurit,Zecurit,/usr/local/zecurit_agent/bin/commandProcessor,/usr/local/zecurit_agent/bin/commandProcessor,Linux,Linux,,Command-processing executable copied by the Linux installation script.
zecurit,Zecurit,/usr/local/zecurit_agent/bin/installer,/usr/local/zecurit_agent/bin/installer,Linux,Linux,,"Native Linux installer helper. After successful registration, its install handler copies, enables, and starts zecurit_agent.service."
zecurit,Zecurit,/etc/systemd/system/zecurit_agent.service,/etc/systemd/system/zecurit_agent.service,Linux,Linux,,systemd unit installed from the agent's bin directory. Ghidra confirms the destination path and systemctl enable/start calls in the installer.
zecurit,Zecurit,/usr/local/zecurit_agent/config/server.json,/usr/local/zecurit_agent/config/server.json,Linux,Linux,,Enrollment configuration copied into the default Linux installation directory.
zecurit,Zecurit,/usr/local/zecurit_agent/RemoveAgent.sh,/usr/local/zecurit_agent/RemoveAgent.sh,Linux,Linux,,Linux removal script invoking bin/installer uninstall.
zecurit,Zecurit,/Library/zecurit_agent/bin/Service,/Library/zecurit_agent/bin/Service,macOS,MacOS,,macOS agent executable launched as root by the packaged service launch daemon.
zecurit,Zecurit,/Library/zecurit_agent/bin/CommandProcessor,/Library/zecurit_agent/bin/CommandProcessor,macOS,MacOS,,Command-processing executable in the macOS package payload.
zecurit,Zecurit,/Library/zecurit_agent/bin/Installer,/Library/zecurit_agent/bin/Installer,macOS,MacOS,,Native macOS installer helper invoked by the package postinstall script.
zecurit,Zecurit,/Library/zecurit_agent/bin/ZecuritAccess.app/Contents/MacOS/ZecuritAccess,/Library/zecurit_agent/bin/ZecuritAccess.app/Contents/MacOS/ZecuritAccess,macOS,MacOS,,Zecurit access application included in the macOS package payload.
zecurit,Zecurit,/Library/zecurit_agent/bin/ZecuritInventory.app/Contents/MacOS/ZecuritInventory,/Library/zecurit_agent/bin/ZecuritInventory.app/Contents/MacOS/ZecuritInventory,macOS,MacOS,,Zecurit inventory application included in the macOS package payload.
zecurit,Zecurit,/Library/LaunchDaemons/com.zecurit_agent.service.plist,/Library/LaunchDaemons/com.zecurit_agent.service.plist,macOS,MacOS,,"macOS launch daemon copied by the package postinstall script. Its Label is com.zecurit.service, with RunAtLoad and KeepAlive enabled."
